video_name	category_name	group_name
yt-WQNX2yWLT2I_366.mp4	breaking	group5
yt-Q4edV5qiqu0_578.mp4	breaking	group1
bing-www_break_com_video_like-a-cat-catching-a-fly-3131008_12.mp4	breaking	group2
yt-IX6uxR5DSKk_2.mp4	breaking	group3
yt-Fdv-V--QlR0_117.mp4	breaking	group4
yt-LUIvP_NDWAs_45.mp4	breaking	group5
yt-l_ioasf6yHg_44.mp4	breaking	group1
yt-xKteiAi5h7Q_36.mp4	breaking	group2
yt-E8EDQCPbBeI_196.mp4	breaking	group3
yt-GbL63AmOIss_116.mp4	breaking	group4
yt-7W50lcw5FCo_37.mp4	breaking	group5
yt-5rC42egLl5E_387.mp4	breaking	group1
Xq0a2BWE3zA_53.mp4	breaking	group2
yt-kRR0CluqaX4_130.mp4	breaking	group3
yt-8LO59eN9om4_16.mp4	frowning	group3
yt-McqS-QObQbk_122.mp4	frowning	group4
yt-e_eOzV7qMZo_374.mp4	frowning	group5
yt-NqZHX-eOVUA_35.mp4	frowning	group1
yt--s2mcDTgwkc_65.mp4	frowning	group2
yt-xlHdGsXVZFU_83.mp4	licking	group4
yt-tEzCpMrjOHs_24.mp4	licking	group5
yt-Xq6uX1jfFRk_21.mp4	licking	group1
yt-eF5J5Kjt6oY_23.mp4	licking	group2
yt-vQ-rd-1gwH4_238.mp4	licking	group3
yt-o0YqkYEeszM_7.mp4	pushing	group3
yt-uXDyvrm0Tw0_17.mp4	pushing	group4
yt-lzXao6Reec4_14.mp4	pushing	group5
yt-RL1chIcbTPQ_11.mp4	pushing	group1
yt-MTo50ReVNmU_2.mp4	pushing	group2
yt-OFbbvxTLrtM_132.mp4	pushing	group3
yt-rY_ra5Tb9XU_51.mp4	reading	group5
yt-Jro_TRE8NUQ_234.mp4	reading	group1
yt-KVB49z48sZU_55.mp4	reading	group2
wc-dwTccI0TNwps_15.mp4	reading	group3
yt-a5TGHnldsKg_102.mp4	reading	group4
yt-LYStNoRhVO8_846.mp4	reading	group5
yt-KNdCiW8m1uY_168.mp4	tattooing	group3
yt-RKo978aBdzw_173.mp4	tattooing	group4
m-aeoYPMqfg_185.mp4	shouting	group5
AwPBuHsoXV0_25.mp4	shouting	group1
Oo8otu7cQ20_112.mp4	shouting	group2
hkunxDEshL4_95.mp4	shouting	group3
yt-738MRS0yI6g_177.mp4	sniffing	group2
yt-qX2KH8RLnKs_50.mp4	sniffing	group3
yt-hmtcRLNoYZc_17.mp4	sniffing	group4
yt-ayx4rU9bJrU_179.mp4	sniffing	group5
yt-Ul81y6R9YbE_12.mp4	photographing	group1
yt-XRQ_LSGGr3Y_712.mp4	photographing	group2
yt-316ecr1BT84_44.mp4	photographing	group3
yt-MEfljVFL0xw_375.mp4	photographing	group4
yt-22c5eZ1UNME_76.mp4	packaging	group5
yt-_F8eDDKtvJ0_82.mp4	packaging	group1
yt-XtzmBXKYEWk_60.mp4	packaging	group2
yt-4ouMuGUuPHI_193.mp4	packaging	group3
yt-GWOOQZ19-oU_331.mp4	packaging	group4
yt-5hgLXyLw82w_23.mp4	juggling	group2
yt-QJ2k6vA8aco_12.mp4	juggling	group3
yt-K_gHa2x2OQA_319.mp4	juggling	group4
yt-GBt59U0KUR0_6.mp4	juggling	group5
yt-SPbEzYcZKIc_13.mp4	juggling	group1
yt-1H8sfkZGZK8_3.mp4	juggling	group2
yt-PK-Eip9wFr0_24.mp4	splashing	group5
yt-TvU-aYjNa2c_21.mp4	splashing	group1
yt-PyO8-WsbaLU_43.mp4	splashing	group2
yt-oypn4VCTu6U_279.mp4	splashing	group3
yt-3HpAmr5BApU_35.mp4	running	group4
yt-kbf7N5K5cS0_35.mp4	running	group5
yt-8RmEimCI80g_35.mp4	running	group1
yt-0bovQBIUZho_15.mp4	running	group2
yt-0Sph9-EZQRA_35.mp4	running	group3
yt-bOgChEHiroI_20.mp4	leaking	group5
yt-cvwUZbYSd4Q_35.mp4	leaking	group1
flickr-53807584@N00-5565833509_7.mp4	leaking	group2
yt-WASlRH1zA8c_175.mp4	leaking	group3
yt-uDDv9fXG64w_98.mp4	folding	group3
yt-PcOWc5EJbVo_39.mp4	folding	group4
yt-Jcmf9XyBdMk_119.mp4	folding	group5
yt-2dRSJcaJIXw_32.mp4	folding	group1
yt-RVoC19C420Y_27.mp4	folding	group2
yt-OPzchvF7jO8_53.mp4	studying	group5
yt-6DJulOrg2-8_122.mp4	studying	group1
yt-t-wpKypNysg_27.mp4	studying	group2
yt-DmlSN7mzczI_62.mp4	studying	group3
yt-gOoDjhfSPj0_162.mp4	surfing	group1
yt-2mjHDSH1Yvg_90.mp4	surfing	group2
yt-TBY8F6UMnJQ_51.mp4	surfing	group3
yt-M_ApPnq00iE_67.mp4	surfing	group4
yt-gikcYT6ZLzA_7.mp4	spitting	group3
yt-1uk2k3PnTNw_12.mp4	spitting	group4
yt-1uk2k3PnTNw_37.0.mp4	spitting	group5
yt-35i8UeYXjGw_47.mp4	spitting	group1
yt-MMsrBb7W-dk_25.mp4	raining	group5
wc-0SAXOWjdNVGC_8.mp4	raining	group1
wc-ZGCMbPfXQ71L_31.mp4	raining	group2
wc-_W9iefBXz8bi_23.mp4	raining	group3
yt-XbigWWtnGL4_75.mp4	pouring	group2
yt-pOCEuqVE7ro_61.mp4	pouring	group3
yt-2lnxIdOTxog_157.mp4	pouring	group4
yt-hHdxZ26SImA_17.mp4	pouring	group5
yt-QD74nNliDvI_10.mp4	pouring	group1
yt-_WFwhcmbXXY_51.mp4	skating	group4
goAwcQiFu1Q_99.mp4	skating	group5
-CyI3hUfiOY_23.mp4	skating	group1
ahUa35lQM6E_44.mp4	skating	group2
yt-LKd9mHnUVUQ_230.mp4	skating	group3
yt-NqyG4Ar2JWo_10.mp4	skating	group4
yt-n1snPiGfg0A_45.mp4	skating	group5
yt-hjqjWlzPRjY_76.mp4	skating	group1
yt-IlW1U39Dga4_5.mp4	extinguishing	group1
yt-osz-TXlRdXs_2.mp4	extinguishing	group2
yt-LYnwnfi1JJ4_120.mp4	extinguishing	group3
yt-pKl8nduxfTI_798.mp4	extinguishing	group4
yt-ie418P-Euz4_1077.mp4	extinguishing	group5
yt-QOnORDmVMyU_10.mp4	extinguishing	group1
yt-VQtbKGzI9SE_431.mp4	cooking	group5
yt-o96A55Szxkc_982.mp4	cooking	group1
yt-GO26QIueqRw_385.mp4	cooking	group2
yt-KK6fVRAMm-c_476.mp4	cooking	group3
yt-LZS1RrEtTeQ_136.mp4	cooking	group4
yt-s73Xqkcq9Js_285.mp4	cooking	group5
yt-r7PeFd-hIp0_378.mp4	cooking	group1
yt-tVfYnm81ywo_82.mp4	cooking	group2
yt-9Q7SZR0mgMA_155.mp4	cooking	group3
yt-VJ65ukWmdxQ_193.mp4	cooking	group4
yt-BLH14fgz6RM_32.mp4	landing	group2
yt-BF80IX4r8x4_106.mp4	landing	group3
yt-y-boY803u9A_12.mp4	landing	group4
yt-TZ107yBhXoA_1.mp4	landing	group5
yt-RXqc3JAmmPM_72.mp4	landing	group1
yt-YTQXM5ZjRgg_116.mp4	clawing	group2
yt-0xzYSBvVfYM_197.mp4	clawing	group3
uMYzeAJiua0_199.mp4	clawing	group4
yt-4RKOPaRF42o_124.mp4	clawing	group5
yt-ohKBip2nOHQ_555.mp4	clawing	group1
yt-nYi_FfCjepk_74.mp4	dipping	group4
yt-dqcUJzNOzbM_156.mp4	dipping	group5
yt-wE0cEswyaaM_53.mp4	dipping	group1
yt-loYSF41PfgI_79.mp4	dipping	group2
yt-zrCOCNRc2cY_254.mp4	dipping	group3
yt-dWF89kq2JIA_13.mp4	dipping	group4
yt-hqp-Y6vAMeo_80.mp4	dipping	group5
yt-x0MCtNEv_Ew_35.mp4	dipping	group1
yt-OEKvI2pFleg_118.mp4	drawing	group4
yt-dj0XQUJos38_14.mp4	drawing	group5
yt-caS_SY5WmeE_5.mp4	drawing	group1
yt-Gc1p5CnDbDY_22.mp4	drawing	group2
yt-aiWUhl8MCto_71.mp4	drawing	group3
yt-2l6VKd94eAI_151.mp4	drawing	group4
yt-074ygGXNoQ8_64.mp4	drawing	group5
yt-bmGWhOCsvJo_128.mp4	child+singing	group2
yt-O6FS0xnF0CU_106.mp4	child+singing	group3
yt-HoRtvVuuvOs_5.mp4	child+singing	group4
yt-wnQFgNEnHUI_109.mp4	child+singing	group5
8amznWxLS04_212.mp4	child+singing	group1
yt-3ohvpS42xug_184.mp4	child+singing	group2
yt-OrTpetjDNKs_31.mp4	child+singing	group3
yt-R5wOWRtRmrI_36.mp4	child+singing	group4
yt-sWBjSPt7tZI_85.mp4	child+singing	group5
yt-pB-AcJ71tzA_20.mp4	child+singing	group1
yt-XbpTfwsSXc8_124.mp4	child+singing	group2
yt-1RGHXtepryM_44.mp4	child+singing	group3
yt-49utbRVtx1U_16.mp4	child+singing	group4
yt-QZI17VPi6a0_127.mp4	rising	group2
yt-ZfDtalvUK5k_36.mp4	rising	group3
wc-FHhoQVWB3MOR_1.mp4	rising	group4
FZ0hLmjCR0s_26.mp4	rising	group5
yt-87sgrMGL5qo_40.mp4	sneezing	group1
yt-JTBXPfbkjsA_11.mp4	sneezing	group2
yt-LUrQkhRC_Qg_10.mp4	sneezing	group3
nTA7B2uHaCQ_1.mp4	sneezing	group4
yt-aQfM-NhNSsA_136.mp4	shaking	group4
yt-thmqgEV-sYY_91.mp4	shaking	group5
EFR8AteY59I_15.mp4	shaking	group1
yt-r5kRl-2lVxc_2.mp4	shaking	group2
yt-BDCyXL5e9S4_223.mp4	sketching	group2
yt-QJHe-CoK4iI_170.mp4	sketching	group3
yt-dQRqGgpS9mE_288.mp4	sketching	group4
yt-mL3MuCfKtdY_79.mp4	sketching	group5
yt-okYy5Md2U8I_7.mp4	trimming	group2
yt-EApB0DJ3ECg_66.mp4	trimming	group3
yt-EApB0DJ3ECg_119.mp4	trimming	group4
yt-WrfV5K3IXsE_118.mp4	trimming	group5
yt-i3-YlGenYmk_411.mp4	trimming	group1
yt-hyZEDFkh49w_196.mp4	trimming	group2
yt--koo4FOfZE0_86.mp4	dancing	group2
yt-5fZZrdwkFx0_28.mp4	dancing	group3
yt-2CWrK9nbhTk_211.mp4	dancing	group4
yt-2IfvnrF3IV0_241.mp4	dancing	group5
yt-nfDPFHUDq8g_136.mp4	dancing	group1
5Bc466bkeA0_35.mp4	dancing	group2
yt-TqVe93JCGmM_12.mp4	dancing	group3
yt-OTNdgakSIJE_97.mp4	dancing	group4
yt-p0buJEEKeuI_61.mp4	dancing	group5
yt-1CV2cYtUlxE_57.mp4	dancing	group1
yt-xUPucH7kNAs_178.mp4	dancing	group2
yt-ejSzwn8tY8g_49.mp4	dancing	group3
diEJGTjLdOs_72.mp4	sprinting	group1
yt-c-H45QS0CF4_147.mp4	sprinting	group2
yt-06XMUn9DTKc_35.mp4	sprinting	group3
TYs22gin-EU_57.mp4	sprinting	group4
yt-b29VtKvlnWE_430.mp4	entering	group3
yt-ujdFTAUE8rc_34.mp4	entering	group4
yt-dkBlyE3igk0_44.mp4	entering	group5
WCwb-DeQOSg_85.mp4	entering	group1
yt-9Fxa53fDUWU_34.mp4	shopping	group1
yt-a_awONsLFfE_107.mp4	shopping	group2
2E67nCgRCGk_75.mp4	shopping	group3
8lrGQK4UBj8_38.mp4	shopping	group4
yt-2SVpSaBAxsw_78.mp4	serving	group4
yt-5ws2gxbcjs4_381.mp4	serving	group5
yt-UZ-k4A-eD20_124.mp4	serving	group1
yt-hekMMCluhnU_18.mp4	serving	group2
yt-DfgpLIP0jnk_105.mp4	signing	group5
yt-9NV8zv2Sdq4_30.mp4	signing	group1
yt-KLInd-KrK_w_19.mp4	signing	group2
yt-JDHApyT5ngs_128.mp4	signing	group3
yt-wrxk7fFkxHg_177.mp4	signing	group4
yt-tX3slAQb9yY_13.mp4	signing	group5
yt--OkafQ5VFHs_51.mp4	calling	group2
yt-G_eNNzNB-hU_1.mp4	calling	group3
yt-YFl_NAWBFAw_166.mp4	calling	group4
yt-dO0OuozAgt0_225.mp4	calling	group5
yt-VfASxEzDrvc_145.mp4	calling	group1
yt-F1vQ5nZWhDg_21.mp4	calling	group2
yt-AuQ_WxaNy4Y_255.mp4	calling	group3
yt-ph1AkIToO4E_46.mp4	calling	group4
yt-MsSEF0krKE4_149.mp4	calling	group5
yt-j-ifVbxZePQ_70.mp4	calling	group1
yt-cokedWwwYYs_136.mp4	playing+fun	group5
yt-xroq1qyorNo_113.mp4	playing+fun	group1
yt-1PJ1RZ0bfls_4.mp4	playing+fun	group2
yt-7sD6zc169Xo_77.mp4	playing+fun	group3
yt-V35ubrbe8gA_86.mp4	clipping	group4
yt-RNPFV7lgAvE_362.mp4	clipping	group5
yt-ieA3XwoSko4_98.mp4	clipping	group1
yt-UojTppgtyCE_121.mp4	clipping	group2
yt-eoASPwIAiHY_244.mp4	gripping	group1
bing-www_nbcnews_com_storyline_isis-terror_fall-isis-stronghold-raqqa-will-change-war-extremists-not-end-n808621_86.mp4	gripping	group2
yt-qxtmtMnUfD0_124.mp4	gripping	group3
yt-fTlJIM1TtOw_28.mp4	gripping	group4
yt-QXsedpZh800_275.mp4	gripping	group5
yt-IDpUZ2NWBUY_60.mp4	rowing	group3
yt-tneuR3EtSZE_72.mp4	rowing	group4
yt-xWCPbUQc-vg_7.mp4	rowing	group5
yt-SCzpSxzt0TA_46.mp4	rowing	group1
gX_VbZnZO0k_13.mp4	shrugging	group4
yt-khmJAQuCRRE_119.mp4	shrugging	group5
yt-mmvWYAttrIw_2.mp4	shrugging	group1
yt-TbdZrcl_Jso_5.mp4	shrugging	group2
yt-O_6CyqHeJig_132.mp4	shrugging	group3
yt-sdsSoU6XvU4_77.mp4	loading	group2
yt-kAUL5o7i5mo_116.mp4	loading	group3
yt-wCGilnAvV3s_188.mp4	loading	group4
yt-iHmshS63rBc_329.mp4	loading	group5
yt-mdxs8FCKLFc_232.mp4	loading	group1
yt-OFnDCbW9Ebo_31.mp4	loading	group2
yt-IPiZqn4dG9k_9.mp4	rafting	group3
yt-DMb7ulzm5DM_20.mp4	rafting	group4
yt-a9bnYU0Gnxg_59.mp4	rafting	group5
bing-www_dailymotion_com_video_x4kcklg_53.mp4	rafting	group1
yt-tQ-hgwTcMqU_43.mp4	rafting	group2
yt-k7ALBAMWX2M_6.mp4	sliding	group3
yt-2ZsK7zSCJ2w_67.mp4	sliding	group4
yt-hDYtYKUsVE4_120.mp4	sliding	group5
yt-JmmyeMOFpII_29.mp4	sliding	group1
wc-1MzpHfRq1MUK_32.mp4	sliding	group2
yt-Op12PQ4bqTw_11.mp4	sliding	group3
yt-YeT4acsbqok_210.mp4	sliding	group4
yt-BeF1BUrjY_8_117.mp4	sliding	group5
yt-jzDaQD-g168_103.mp4	sanding	group3
yt-t23g0U_hAgg_32.mp4	sanding	group4
yt-P99dLq0DrK0_277.mp4	sanding	group5
yt-n6aLw10f2Yw_317.mp4	sanding	group1
yt-deiWoIfK6vg_44.mp4	sanding	group2
dnLAfffA-kU_53.mp4	rolling	group3
yt-yyIimWrvRyI_246.mp4	rolling	group4
yt-NZIhxK5NvWE_152.mp4	rolling	group5
8d08M6iP-vU_44.mp4	rolling	group1
yt-ZBhTpmrAlUY_70.mp4	tying	group1
yt-a0axt7n0GuQ_19.mp4	tying	group2
yt-kINZMjys3O4_112.mp4	tying	group3
yt-RMjo2PPEPEA_112.mp4	tying	group4
yt-RHPOCG1mII0_138.mp4	tying	group5
yt-xNITUMXoU0g_9.mp4	tying	group1
yt-yf4RdPKpSVc_44.mp4	tying	group2
yt-Rqwi-Fk9IJQ_114.mp4	tying	group3
yt-tHBOlYmaBuk_96.mp4	exiting	group1
yt-R9Iabv0XgOQ_80.mp4	exiting	group2
yt-PltpRRYmQQk_62.mp4	exiting	group3
flickr-csgzs-8144064966_10.mp4	exiting	group4
yt-HQQws1Lp_rQ_10.mp4	discussing	group1
yt-vHS71x_O6sY_90.mp4	discussing	group2
bing-www_yahoo_com_entertainment_anastasia-karanikolaou-chantel-jeffries-discuss-182400502_html_9.mp4	discussing	group3
yt-33PKaLVxDC4_2703.mp4	discussing	group4
yt-9CY7rDYBYUI_40.mp4	discussing	group5
82eJpVKGnC0_188.mp4	discussing	group1
yt-PYHK810V_n8_1375.mp4	discussing	group2
yt-D9uD7yM6bxQ_269.mp4	discussing	group3
yt-sIXdPhfS67U_203.mp4	stitching	group5
yt-ak01CHYgEOs_1383.mp4	stitching	group1
yt-BIDHmbneB10_998.mp4	stitching	group2
yt-2OoHcgS8sss_7.mp4	stitching	group3
yt-Jo6PxivsTOg_247.mp4	stitching	group4
yt-83nimFMNhrM_131.mp4	stitching	group5
yt-Mjm5smrurQI_125.mp4	leaning	group3
yt-452RKqKIeRU_16.mp4	leaning	group4
yt-GOgS--rzmKQ_51.mp4	leaning	group5
yt-0Ut9QANGX20_35.mp4	leaning	group1
yt-fja6A_3ys_w_116.mp4	putting	group3
yt-g_RCws799LQ_52.mp4	putting	group4
yt-7WYXuBHeorw_188.mp4	putting	group5
bing-www_cnet_com_videos_amazon-wants-to-put-alexa-on-your-pc__50.mp4	putting	group1
yt-26009GpQuUg_3.mp4	catching	group3
yt-IXMtF998XFY_547.mp4	catching	group4
yt-zQnaVApUPH0_14.mp4	catching	group5
yt-GHRCzDzThnI_72.mp4	catching	group1
yt-vY49oIv_dWg_73.mp4	catching	group2
yt-JGKdBO2Ldzo_93.mp4	catching	group3
yt-_7HJhRPVmHw_255.mp4	catching	group4
yt-n2PnABmSpxI_115.mp4	catching	group5
yt-GLK6LniTOK0_69.mp4	catching	group1
OdxWh1oU8e8_1.mp4	catching	group2
59eT4XDXNno_25.mp4	catching	group3
yt-3R23XwTXpKs_238.mp4	catching	group4
yt-o_CT2MjZ9fA_216.mp4	catching	group5
yt-6kzW30NcCOY_49.mp4	catching	group1
yt-3tsrlES3thg_81.mp4	catching	group2
yt-31yLemkW42Q_111.mp4	catching	group3
yt-jcuaf9iSEkI_169.mp4	catching	group4
yt-nqRBIR8dFYc_328.mp4	catching	group5
yt-JTuopUgmg1w_101.mp4	catching	group1
yt-TSSPDwAQLXs_158.mp4	catching	group2
r4Npnob1vds_12.mp4	catching	group3
yt-rbJOb1spY9M_16.mp4	catching	group4
yt-GaJaxp546lc_22.mp4	catching	group5
yt-0RBWX9VRzaU_141.mp4	catching	group1
yt-bwSRV1Vr21s_435.mp4	catching	group2
yt-z5rxY-WhFNw_15.mp4	catching	group3
yt-XbNHfZjXuVM_43.mp4	catching	group4
yt-QqSceHxY3d0_356.mp4	catching	group5
yt-kxWtOXNIsRA_329.mp4	catching	group1
yt-AbJBxqEYoMg_105.mp4	catching	group2
yt-fCjjH_4i8Fg_115.mp4	catching	group3
yt-kXarkCFJLeg_46.mp4	catching	group4
yt-3roniRu6w58_10.mp4	catching	group5
yt-KV8X9IBWuJk_48.mp4	catching	group1
yt-Pd3_4Z2tbFU_47.mp4	catching	group2
yt--_ZMybcaUOw_254.mp4	catching	group3
yt-djFogwgoaEk_94.mp4	catching	group4
WO9z7lBUvOs_151.mp4	catching	group5
yt-AbJBxqEYoMg_27.mp4	catching	group1
yt-FzMLLmcD1mE_19.mp4	catching	group2
yt-aeubh6vwbow_12.mp4	catching	group3
yt-KpOAdMtPGFs_17.mp4	catching	group4
yt-g_LvosijBF0_54.mp4	catching	group5
yt-SyePE8wOlxs_321.mp4	catching	group1
wc-oyG6AjP_W2EL_15.mp4	catching	group2
yt-savE5_jePKQ_25.mp4	catching	group3
yt-C0INfEJ4Awk_53.mp4	catching	group4
yt-ikhlUegH24c_552.mp4	catching	group5
yt-5C0_rps3vyM_22.mp4	catching	group1
yt-oAVThIM5Bhg_241.mp4	catching	group2
yt-7Z6Kmp0n7L8_145.mp4	spinning	group2
yt-B7ZRYVhfW2U_52.mp4	spinning	group3
yt--a-d97T4Gak_75.mp4	spinning	group4
yt-GigCK1Gssew_185.mp4	spinning	group5
yt-LdHRVIb4nIE_6.mp4	plugging	group3
yt-vacON8rxZaI_168.mp4	plugging	group4
yt-WrwPgZYBXlA_34.mp4	plugging	group5
yt-XHYYkaHcEtM_72.mp4	plugging	group1
yt-OdTWn1U1mO4_68.mp4	plugging	group2
yt-cONX-OgVhHU_1821.mp4	plugging	group3
yt-YZO4_2yJLWE_1447.mp4	carving	group3
yt-isJga8ec5UM_32.mp4	carving	group4
yt-VinOD6g7xEc_135.mp4	carving	group5
yt-pbFpqAQJCJo_149.mp4	carving	group1
yt-8EiMToiiXYs_55.mp4	carving	group2
yt-w7dXHLrfZI4_223.mp4	carving	group3
yt-aSEKRE_FNaI_62.mp4	carving	group4
yt-c6kLumgTX54_7.mp4	carving	group5
yt-XUnZ7FbBtvk_162.mp4	carving	group1
yt-aqrdb6BiFx4_12.mp4	carving	group2
yt-ybH6uAiFbjc_273.mp4	carving	group3
yt-ChAhBD9LrsU_223.mp4	carving	group4
yt-lv6mhnH7_g4_134.mp4	carving	group5
yt-Gokv9ZtV6zo_70.mp4	carving	group1
yt-GpVFUM8K0yE_68.mp4	carving	group2
yt-roThCERxVCs_133.mp4	carving	group3
yt-BlWfK4MkjWA_469.mp4	carving	group4
yt-0d5TkclKWVA_146.mp4	carving	group5
yt-Z4W6l0eZza4_6.mp4	carving	group1
yt-GETRVzxihhM_74.mp4	carving	group2
yt-b0IfGcoHfD0_83.mp4	carving	group3
yt-YykKZWKmLnQ_386.mp4	carving	group4
yt--Ra34zJ69AU_68.mp4	carving	group5
yt--vHa85DHvLU_31.mp4	carving	group1
yt-PDNWrJ2bZ6I_79.mp4	carving	group2
yt-Ja7d2a6e5xE_279.mp4	carving	group3
yt-z46eFYG950M_222.mp4	carving	group4
yt-0MB_IYX1fgo_44.mp4	carving	group5
yt-H2y1th4WaWU_51.mp4	carving	group1
yt-RlHmMGUjT9E_130.mp4	carving	group2
yt-2ftSsLqRQnA_84.mp4	carving	group3
yt-147vePB5Arc_15.mp4	carving	group4
yt-MWX0EtpWIs8_286.mp4	carving	group5
yt-c5_SFS4aaJI_1102.mp4	carving	group1
yt-Xegmd8whqBs_230.mp4	carving	group2
yt-GFcuvjHJmS4_86.mp4	carving	group3
yt-oVrkSsEpuvk_118.mp4	carving	group4
yt-Rsfo57AlpLA_332.mp4	carving	group5
yt-yzXjWakwpPs_175.mp4	carving	group1
yt-CLX1rmSf2Rs_194.mp4	carving	group2
yt-cBCeq1NQgj0_1129.mp4	carving	group3
yt-9EnchawJ3pA_90.mp4	carving	group4
yt-jYSri2JVUqo_1036.mp4	carving	group5
yt-FoO02U39gy4_398.mp4	carving	group1
yt-jovPh9BdlYI_215.mp4	carving	group2
yt-6UFUeTKci2o_164.mp4	carving	group3
yt-fA0nOetbOJY_580.mp4	carving	group4
yt-qF-69JWJX_Y_55.mp4	carving	group5
yt-L7UKVgSr0c8_198.mp4	carving	group1
yt-siUaw_L-hrw_116.mp4	carving	group2
yt-GyMWMiWvuiA_237.mp4	carving	group3
yt-ZYrQIw9VUok_111.mp4	carving	group4
yt-6mRpmfIvdew_1435.mp4	carving	group5
yt-bQRBtP9zkms_111.mp4	carving	group1
yt-_BvMLZo0MG0_1226.mp4	carving	group2
yt-PreGL81PEP4_61.mp4	carving	group3
yt-t8NfuFA7OlM_26.mp4	carving	group4
yt-4r-oovk9JWg_85.mp4	carving	group5
yt-zgkJCgcT1s4_300.mp4	carving	group1
yt-8gaLZxx-q50_142.mp4	carving	group2
yt-1XfKrSmjtl4_443.mp4	carving	group3
yt-3NMDWrZr1Z4_255.mp4	carving	group4
yt-a4T5fdpRKlQ_125.mp4	carving	group5
yt-MToRA8FcNJ4_138.mp4	carving	group1
yt-tfHCqgH1guY_235.mp4	carving	group2
yt-vDjj0EWFdIU_49.mp4	carving	group3
yt-3JApfnMu5cU_378.mp4	carving	group4
yt-D_f3_HIXG2g_87.mp4	carving	group5
yt-aTEGTeQuDWM_93.mp4	carving	group1
yt-I9uf7kAccFA_229.mp4	carving	group2
yt-4oacL3aXtlU_11.mp4	carving	group3
yt-sZBe-xmTySc_8.mp4	carving	group4
yt-CINajD_PVjQ_494.mp4	carving	group5
yt-wPXrAuiiRZg_1062.mp4	shaving	group3
yt-7NjoFHBdP7c_102.mp4	shaving	group4
yt-HFiRYTnMZxE_338.mp4	shaving	group5
yt-Y7-umyL036c_507.mp4	shaving	group1
yt-vT65tZPBrR0_18.mp4	giving	group5
yt-dESxu60Cl10_24.mp4	giving	group1
yt-_xfncCRYpII_32.mp4	giving	group2
yt-q8mfIumbHuo_84.mp4	giving	group3
yt-G65z8p1YNhw_16.mp4	giving	group4
yt-IC62JSYpq9w_71.mp4	burying	group3
yt-npaE4fe6A6Y_26.mp4	burying	group4
yt-SHTeTAnZgho_43.mp4	burying	group5
yt-EgsLlKJmzeY_60.mp4	burying	group1
yt-l6WPyKg_3is_154.mp4	burying	group2
yt-tNCrkObhB6c_17.mp4	burying	group3
yt-ibDaDIEazxg_3.mp4	burying	group4
yt-Tt_LkR4iAt4_11.mp4	burying	group5
yt-2jVJb1PR2XA_16.mp4	burying	group1
yt-qYuLW5vSotM_160.mp4	burying	group2
yt-0EhQYCX_G6E_8.mp4	burying	group3
yt-I2n2eo2zoZs_112.mp4	burying	group4
yt-I2n2eo2zoZs_94.mp4	burying	group5
yt-Fci3dBzt2T4_223.mp4	burying	group1
yt-Dlk44AGz-xM_37.mp4	burying	group2
yt-uWeU2s6JYyk_10.mp4	burying	group3
yt-VxTTEZNJWjs_110.mp4	burying	group4
yt-qycUhA3Isjg_55.mp4	burying	group5
yt-wz2opOBqClo_14.mp4	burying	group1
yt-3DM_SqT4RII_10.mp4	burying	group2
yt-I2n2eo2zoZs_133.mp4	burying	group3
yt-82O1uT8dmv8_12.mp4	burying	group4
yt-gbDSSDcRlg4_31.mp4	burying	group5
yt-gbDSSDcRlg4_19.mp4	burying	group1
yt-qycUhA3Isjg_67.mp4	burying	group2
yt-BCFGCganiuE_8.mp4	burying	group3
yt-hdZEAsVBEEM_19.mp4	burying	group4
yt-F_Bvwnulib8_35.mp4	burying	group5
yt-ZBk_XFb5PGo_25.mp4	burying	group1
yt-71qAAM6ryGY_32.mp4	burying	group2
yt-ePxv64kEqa0_177.mp4	burying	group3
yt-nMWqezngycw_10.mp4	burying	group4
yt-loe3Rqs8TEM_46.mp4	burying	group5
yt-ET5YTz1laWo_108.mp4	burying	group1
yt-Y-8d31A9JXg_12.mp4	cramming	group2
yt-J4Ci5b3z4fo_4.mp4	cramming	group3
yt-MUfa26F8dfE_97.mp4	cramming	group4
yt-DO1vncSoiJk_58.mp4	cramming	group5
yt-yPtwbpByPds_33.mp4	cramming	group1
bing-vimeo_com_161378598_22.mp4	performing	group3
yt-2kPrGwVmRfE_169.mp4	performing	group4
yt-BqJHT4K7Qf8_127.mp4	performing	group5
yt-GfPep7IhZIU_47.mp4	performing	group1
yt-LhP0mZ6xxIg_111.mp4	camping	group1
yt-rNjnYLsk32k_1172.mp4	selling	group4
yt-YyKEeu2gLrI_158.mp4	selling	group5
yt-JH6qCYAnX-I_70.mp4	selling	group1
yt-CH4HfNRC1hY_40.mp4	selling	group2
yt-kkbtZP78JxQ_96.mp4	hugging	group1
yt-s8Egk0W1Uck_39.mp4	hugging	group2
yt-szXWk_X_67Q_10.mp4	hugging	group3
yt-vMnSbsjGK9k_62.mp4	hugging	group4
yt-iO0efV_PV-k_102.mp4	hugging	group5
flickr-hapanine-31880782705_22.mp4	rocking	group5
yt-ZwnliF0525U_95.mp4	rocking	group1
yt-4oT-2eGhmUo_102.mp4	rocking	group2
yt-FMIevUic_XY_50.mp4	rocking	group3
yt-fT8CS1nszUE_355.mp4	crying	group4
yt-oUrpKe5nyuI_5.mp4	crying	group5
yt-TNtO8RPd3iE_25.mp4	crying	group1
yt-r2jZ0zZrqzQ_45.mp4	crying	group2
yt-nS2QqSQbjOQ_39.mp4	crying	group3
yt-3aTDYxyF6bc_35.mp4	crying	group4
yt--JnTDuElzXQ_121.mp4	pitching	group4
yt-GWgG8PVM1iw_34.mp4	pitching	group5
yt-9pYW_TqVpU4_43.mp4	pitching	group1
yt-ABgPwG7Ggn4_41.mp4	pitching	group2
yt-JizcV7kYuqM_132.mp4	wrestling	group4
yt-qlR-TG7veA4_17.mp4	wrestling	group5
yt-tDRPy0Rj6AU_141.mp4	wrestling	group1
yt-Z0nfPTEEOLo_85.mp4	wrestling	group2
yt-feTWuKPZA_k_34.mp4	raising	group3
yt-W00vtWnXgIk_73.mp4	raising	group4
yt-cEvK2aS5ehU_8.mp4	raising	group5
yt-GK83AyP3XXc_704.mp4	raising	group1
yt-D99Pp5JlUQI_47.mp4	skipping	group5
yt-tkUGDrn-XYg_2.mp4	skipping	group1
yt-h09NHEfoKb0_8.mp4	skipping	group2
yt-SkIJvj6KNOo_33.mp4	skipping	group3
yt-fLNDhX22diw_98.mp4	constructing	group1
yt-V5iQ3MbihnI_103.mp4	constructing	group2
yt-SGTgMItFkxY_172.mp4	constructing	group3
yt-kuzdrmHa-W0_39.mp4	constructing	group4
yt--C2DDZ7LOQA_95.mp4	constructing	group5
yt-nA-1mD3ky2c_37.mp4	constructing	group1
yt-LQrnLKP5tiQ_48.mp4	constructing	group2
yt-p-kbRhTdyiQ_31.mp4	washing	group4
wc-Mf8SQpviaD6D_17.mp4	washing	group5
yt-yAtHuDsadu8_102.mp4	washing	group1
yt-mDil5vGZb14_4049.mp4	washing	group2
yt-JPsTqfqfPIY_319.mp4	guarding	group1
flickr-southeasternstar-3464778323_10.mp4	guarding	group2
yt-UKrWbJEs7pw_74.mp4	guarding	group3
flickr-thelastdon-8662706978_3.mp4	guarding	group4
yt-g_CLzrCYHoc_7.mp4	sweeping	group4
yt-QFGyhhr1KSQ_9.mp4	sweeping	group5
yt-sWJc_Do8EaI_32.mp4	sweeping	group1
yt-NNl5SiIQHsA_29.mp4	sweeping	group2
yt--UhwpukdyBg_51.mp4	chopping	group2
yt-j3Sk8ZnAiEA_32.mp4	chopping	group3
yt-N7ztk2fa3Ls_137.mp4	chopping	group4
yt-wjBwgccZM5k_150.mp4	chopping	group5
yt-r4st6Mt4EE8_85.mp4	chopping	group1
yt-AKnqtBjARlM_118.mp4	chopping	group2
yt-NOnR6C2sjpI_97.mp4	chopping	group3
yt-Ndwek2tpIOA_169.mp4	chopping	group4
yt-0n0uppNuUus_15.mp4	chopping	group5
yt-CeOZeB1LXwE_79.mp4	chopping	group1
yt-Q6BFO3Yz0zY_363.mp4	chopping	group2
yt-iCGU1R75BZo_52.mp4	chopping	group3
flickr-seattlemcneals-996953_3.mp4	falling	group2
wc-3IayTPy_A3nF_17.mp4	falling	group3
yt-7XDVHp75fu4_93.mp4	falling	group4
yt-uT4MXm0UBJM_64.mp4	falling	group5
yt-O_4DgW-XKvA_35.mp4	falling	group1
yt-ol2u_-gd0-o_13.mp4	unpacking	group3
yt-d5jBQ-LOW2I_17.mp4	unpacking	group4
yt-pGtq_Y0PUAw_28.mp4	unpacking	group5
yt-mI9voWol7cE_104.mp4	unpacking	group1
yt-ROhKDdF1gV4_21.mp4	spreading	group5
yt-q5Wp_yDLujU_108.mp4	spreading	group1
yt-aVKIgTiQp9A_29.mp4	spreading	group2
yt-j3aQHA2TVq4_38.mp4	spreading	group3
yt-A-RhzHTz38g_21.mp4	tickling	group3
yt-kNZUFy3cbjQ_9.mp4	tickling	group4
yt-qOPJfTB1klY_1.mp4	tickling	group5
yt-oM9oaz2ytSY_140.mp4	tickling	group1
yt-y6JsUW0eSW8_32.mp4	tickling	group2
yt-SvCjZ59S9wk_211.mp4	racing	group5
yt-e5ua5Pj86E4_63.mp4	racing	group1
yt-e5ua5Pj86E4_140.mp4	racing	group2
yt-6B69qmkEdTI_1.mp4	racing	group3
yt-3TF_RGo9cLs_541.mp4	racing	group4
yt-BFA07F4L4S0_22.mp4	kneeling	group1
yt-FsylDeYfcxU_24.mp4	kneeling	group2
yt-iAKjTYYkXwk_10.mp4	kneeling	group3
yt-UzWRbs9Syf4_7.mp4	kneeling	group4
yt-yhHs1BmQp2Y_54.mp4	kneeling	group5
T98offKWxso_127.mp4	slipping	group2
flickr-clarkstonscamp-4863427159_1.mp4	slipping	group3
flickr-quinn3411-4569727219_1.mp4	slipping	group4
flickr-slruok-8006772217_6.mp4	slipping	group5
yt-pPIHiIYSjW8_653.mp4	locking	group4
yt-NQSCGMpo-p8_118.mp4	locking	group5
yt-p-ID-wUYoHY_52.mp4	locking	group1
yt-F1X_vq0Zioc_154.mp4	locking	group2
yt-ja8Pmpik_ao_112.mp4	locking	group3
yt-nwa8jP9fa1Y_767.mp4	smoking	group5
wc-zkO_omg3nTvg_5.mp4	smoking	group1
yt-nB2WgvYt7bA_170.mp4	smoking	group2
yt-0qfEA1ZFWjA_123.mp4	smoking	group3
yt-sC9suzTl1Y0_66.mp4	waving	group4
wc-DVD7mCf3fqw1_2.mp4	waving	group5
yt-sC9suzTl1Y0_22.mp4	waving	group1
zAKvYNtmhuc_772.mp4	waving	group2
nvbAwZOKBS8_23.mp4	weeding	group1
yt-gCKmHV5tdSk_59.mp4	weeding	group2
yt-bWXohhodbjg_98.mp4	weeding	group3
yt-4BAsE47kJNk_88.mp4	weeding	group4
yt_R-3UiB_5en3gg_145.mp4	opening	group5
yt-JTVyt-eu4VI_1.mp4	opening	group1
yt_R-0ngqGSOeXEc_415.mp4	opening	group2
yt-gzjV6YoK6X0_3.mp4	opening	group3
yt-mMnlzv6cfH4_134.mp4	opening	group4
yt-iiGwN9FQrZo_1.mp4	opening	group5
yt-uY5xsUKn8zU_17.mp4	stopping	group2
nPwtvvPgdNc_39.mp4	stopping	group3
yt-OEY9O2MglQM_7.mp4	stopping	group4
yt-VgJZl9SddCQ_8.mp4	stopping	group5
yt-lNevNqA8sIs_54.mp4	stopping	group1
yt-W4Shvmb1JYs_258.mp4	handwriting	group3
yt-TxU1H5A6BaQ_52.mp4	handwriting	group4
yt-pZRvYLT6SmU_40.mp4	handwriting	group5
yt-vQGD-rJyMw4_166.mp4	handwriting	group1
yt-iT6jsSikmGM_4.mp4	handwriting	group2
yt-QTGIhecBZjc_19.mp4	throwing	group2
yt-qp46Jph_oCQ_1.mp4	throwing	group3
yt-un00Oks5uVc_7.mp4	throwing	group4
yt-G40PW6hfb2c_5.mp4	throwing	group5
yt-Oxu6w0Zx9dQ_3.mp4	throwing	group1
yt-OLDm2slgfA4_3.mp4	throwing	group2
yt-4i1b6NQ9NKs_5.mp4	throwing	group3
yt-cWBQB8CxsVY_69.mp4	stacking	group3
yt-JkKOG9Fxykc_94.mp4	stacking	group4
yt-Kwfwhd07dVo_2.mp4	stacking	group5
yt-2WPmM2vIuBE_41.mp4	stacking	group1
yt-hQ5pge893b4_6.mp4	stacking	group2
yt-H-qQ0oE1kwM_6.mp4	placing	group4
yt-BrepyEWKrPQ_20.mp4	placing	group5
yt--5ls65Ue1RA_52.mp4	placing	group1
yt-Iu2ZPHLqXuY_32.mp4	placing	group2
3dzza09VbXY_235.mp4	burning	group1
yt-BAwvfRmE1LU_79.mp4	burning	group2
yt-Wr5pSPApQDw_235.mp4	burning	group3
yt-tqxZlasEvZA_15.mp4	burning	group4
yt-BLmwmX-mni8_56.mp4	burning	group5
yt-1n1jTroiwJs_163.mp4	burning	group1
yt-e9ttJw0BUuU_40.mp4	burning	group2
wc-ujHd_fPVcSlX_10.mp4	burning	group3
yt-zpoIiHGRm5k_296.mp4	burning	group4
yt-nn-8LZcafGs_25.mp4	burning	group5
yt-NuZy8Rjk4d0_156.mp4	burning	group1
yt-N1DlS9B00G0_23.mp4	burning	group2
yt-u0N1IsXxLM4_103.mp4	burning	group3
yt-BLmwmX-mni8_1030.mp4	burning	group4
yt-nn-8LZcafGs_35.mp4	burning	group5
yt-4Qz0m5IYh10_167.mp4	burning	group1
yt-cjndulbUtRc_51.mp4	burning	group2
yt-72bAjwP-nWM_30.mp4	burning	group3
yt-tqxZlasEvZA_43.mp4	burning	group4
wc-NzEeGIXLxvwp_19.mp4	burning	group5
yt-xBhTD9mVR7s_43.mp4	burning	group1
yt-GytLOB9Qjro_76.mp4	burning	group2
yt-oVS_k_9upmo_205.mp4	burning	group3
wc-rs31_SV1Opy__6.mp4	burning	group4
yt-NFb0SUCeiro_158.mp4	burning	group5
yt-xBhTD9mVR7s_90.mp4	burning	group1
yt-vjed5qyKqZw_1.mp4	paying	group3
yt-4NjyKFnwHBo_13.mp4	paying	group4
yt-YMI27rk5qUQ_117.mp4	paying	group5
DV6V38rplag_215.mp4	paying	group1
yt-0qWYjx341mc_7.mp4	yawning	group3
yt-ebzrQh5ErI4_3.mp4	yawning	group4
yt-Bejo5TLEpg4_36.mp4	yawning	group5
xtIv_5iIk18_2.mp4	yawning	group1
yt-fq7m668hqZo_39.mp4	yawning	group2
yt-qazCIJqjxUU_3.mp4	yawning	group3
yt-bshHX6vWLtA_84.mp4	flying	group1
yt-s2tZ2NIQrxg_175.mp4	flying	group2
yt-RO4mhuXBVrY_67.mp4	flying	group3
yt-xqHrTtvFFIs_3.mp4	flying	group4
yt-jgt0PVBUK1Y_580.mp4	gambling	group3
yt-O6W6CZPXvlA_15.mp4	gambling	group4
yt-4rwBpRuHg-c_1308.mp4	gambling	group5
yt-jfPayShydzE_1233.mp4	gambling	group1
yt-AKRjrTvvxFc_1804.mp4	gambling	group2
yt-sxZ_ONShI7U_75.mp4	manicuring	group2
yt-oxUpc8I5wWQ_238.mp4	manicuring	group3
yt-qjg6kRxNXK8_217.mp4	manicuring	group4
yt-QI6k6mhpxLo_453.mp4	manicuring	group5
yt-zgimmOcW5Mc_127.mp4	manicuring	group1
yt-pB9w3AA-woE_37.mp4	pedaling	group3
yt-hTkrnNr39dk_202.mp4	pedaling	group4
yt-EKPrSw5xF7k_112.mp4	pedaling	group5
yt-zam74qlzGtQ_122.mp4	pedaling	group1
yt-PYP0fEQ357c_89.mp4	taping	group4
yt-VTNBCfQxnsk_59.mp4	taping	group5
yt-1ruRqcfBMw0_21.mp4	taping	group1
yt-pO5SVq-9EhU_114.mp4	taping	group2
yt-NLfzvAJgyJ4_120.mp4	taping	group3
yt-Q5wYs9vSzlA_30.mp4	taping	group4
wc-eJe3wXMgTLRV_20.mp4	storming	group3
wc-4cMsVgeKgq_t_1.mp4	storming	group4
wc-q23aBNJMZbnZ_27.mp4	storming	group5
wc-8bTJmWfuVyJ4_8.mp4	storming	group1
ILSVRC2015_train_00574004.mp4	YouTubeBB	group1
ILSVRC2015_train_00552000.mp4	YouTubeBB	group2
ILSVRC2015_train_00632002.mp4	YouTubeBB	group3
ILSVRC2015_test_00004002.mp4	YouTubeBB	group4
ILSVRC2015_train_00339001.mp4	YouTubeBB	group5
ILSVRC2015_train_00415001.mp4	YouTubeBB	group1
ILSVRC2015_train_00515001.mp4	YouTubeBB	group2
ILSVRC2015_train_00743002.mp4	YouTubeBB	group3
ILSVRC2015_train_00423000.mp4	YouTubeBB	group4
ILSVRC2015_train_00515000.mp4	YouTubeBB	group5
ILSVRC2015_train_00568000.mp4	YouTubeBB	group1
ILSVRC2015_train_00339000.mp4	YouTubeBB	group2
ILSVRC2015_train_00507000.mp4	YouTubeBB	group3
ILSVRC2015_train_00485001.mp4	YouTubeBB	group4
ILSVRC2015_train_00704000.mp4	YouTubeBB	group5
ILSVRC2015_train_00708000.mp4	YouTubeBB	group1
ILSVRC2015_train_00568002.mp4	YouTubeBB	group2
ILSVRC2015_train_00497001.mp4	YouTubeBB	group3
ILSVRC2015_train_00415002.mp4	YouTubeBB	group4
ILSVRC2015_train_00743001.mp4	YouTubeBB	group5
ILSVRC2015_train_00743000.mp4	YouTubeBB	group1
ILSVRC2015_train_00415003.mp4	YouTubeBB	group2
ILSVRC2015_train_00415007.mp4	YouTubeBB	group3
ILSVRC2015_train_00587000.mp4	YouTubeBB	group4
ILSVRC2015_train_00743005.mp4	YouTubeBB	group5
ILSVRC2015_train_00599000.mp4	YouTubeBB	group1
ILSVRC2015_train_00753000.mp4	YouTubeBB	group2
ILSVRC2015_train_00595000.mp4	YouTubeBB	group3
ILSVRC2015_train_00495000.mp4	YouTubeBB	group4
ILSVRC2015_train_00155004.mp4	YouTubeBB	group5
ILSVRC2015_train_00521000.mp4	YouTubeBB	group1
ILSVRC2015_train_00696000.mp4	YouTubeBB	group2
ILSVRC2015_train_00303005.mp4	YouTubeBB	group3
ILSVRC2015_train_00415004.mp4	YouTubeBB	group4
ILSVRC2015_train_00578001.mp4	YouTubeBB	group5
ILSVRC2015_train_00354001.mp4	YouTubeBB	group1
ILSVRC2015_train_00405001.mp4	YouTubeBB	group2
ILSVRC2015_train_00450001.mp4	YouTubeBB	group3
ILSVRC2015_train_00405000.mp4	YouTubeBB	group4
ILSVRC2015_train_00354000.mp4	YouTubeBB	group5
ILSVRC2015_train_00743006.mp4	YouTubeBB	group1
ILSVRC2015_train_00578000.mp4	YouTubeBB	group2
ILSVRC2015_train_00415005.mp4	YouTubeBB	group3
ILSVRC2015_train_00517000.mp4	YouTubeBB	group4
ILSVRC2015_train_00417000.mp4	YouTubeBB	group5
ILSVRC2015_train_00574000.mp4	YouTubeBB	group1
ILSVRC2015_train_00682007.mp4	YouTubeBB	group2
ILSVRC2015_test_00012005.mp4	YouTubeBB	group3
ILSVRC2015_train_00745000.mp4	YouTubeBB	group4
ILSVRC2015_train_00638000.mp4	YouTubeBB	group5
ILSVRC2015_train_00067005.mp4	YouTubeBB	group1
ILSVRC2015_train_00661001.mp4	YouTubeBB	group2
ILSVRC2015_train_00001009.mp4	YouTubeBB	group3
ILSVRC2015_train_00761000.mp4	YouTubeBB	group4
ILSVRC2015_train_00638001.mp4	YouTubeBB	group5
ILSVRC2015_train_00274003.mp4	YouTubeBB	group1
ILSVRC2015_train_00610000.mp4	YouTubeBB	group2
ILSVRC2015_train_00682006.mp4	YouTubeBB	group3
ILSVRC2015_train_00219004.mp4	YouTubeBB	group4
ILSVRC2015_train_00692001.mp4	YouTubeBB	group5
ILSVRC2015_train_00378000.mp4	YouTubeBB	group1
ILSVRC2015_train_00425000.mp4	YouTubeBB	group2
ILSVRC2015_train_00446000.mp4	YouTubeBB	group3
ILSVRC2015_train_00682005.mp4	YouTubeBB	group4
ILSVRC2015_train_00460000.mp4	YouTubeBB	group5
ILSVRC2015_train_00560000.mp4	YouTubeBB	group1
ILSVRC2015_train_00067003.mp4	YouTubeBB	group2
ILSVRC2015_train_00278004.mp4	YouTubeBB	group3
ILSVRC2015_train_00572000.mp4	YouTubeBB	group4
ILSVRC2015_train_00472000.mp4	YouTubeBB	group5
ILSVRC2015_train_00323000.mp4	YouTubeBB	group1
ILSVRC2015_train_00165012.mp4	YouTubeBB	group2
ILSVRC2015_train_00411000.mp4	YouTubeBB	group3
ILSVRC2015_train_00444000.mp4	YouTubeBB	group4
ILSVRC2015_train_00411001.mp4	YouTubeBB	group5
ILSVRC2015_train_00368000.mp4	YouTubeBB	group1
ILSVRC2015_train_00165013.mp4	YouTubeBB	group2
ILSVRC2015_train_00572001.mp4	YouTubeBB	group3
ILSVRC2015_train_00556000.mp4	YouTubeBB	group4
ILSVRC2015_train_00364000.mp4	YouTubeBB	group5
ILSVRC2015_train_00682000.mp4	YouTubeBB	group1
ILSVRC2015_train_00628000.mp4	YouTubeBB	group2
ILSVRC2015_train_00165011.mp4	YouTubeBB	group3
ILSVRC2015_train_00661004.mp4	YouTubeBB	group4
ILSVRC2015_train_00079001.mp4	YouTubeBB	group5
ILSVRC2015_train_00219003.mp4	YouTubeBB	group1
ILSVRC2015_train_00682003.mp4	YouTubeBB	group2
ILSVRC2015_train_00569003.mp4	YouTubeBB	group3
ILSVRC2015_train_00044004.mp4	YouTubeBB	group4
ILSVRC2015_train_00371013.mp4	YouTubeBB	group5
ILSVRC2015_train_00165009.mp4	YouTubeBB	group1
ILSVRC2015_train_00750000.mp4	YouTubeBB	group2
ILSVRC2015_train_00418003.mp4	YouTubeBB	group3
ILSVRC2015_train_00165008.mp4	YouTubeBB	group4
ILSVRC2015_train_00484001.mp4	YouTubeBB	group5
ILSVRC2015_train_00584001.mp4	YouTubeBB	group1
ILSVRC2015_train_00371012.mp4	YouTubeBB	group2
ILSVRC2015_train_00371006.mp4	YouTubeBB	group3
ILSVRC2015_train_00569002.mp4	YouTubeBB	group4
ILSVRC2015_train_00469000.mp4	YouTubeBB	group5
ILSVRC2015_train_00414000.mp4	YouTubeBB	group1
ILSVRC2015_train_00373001.mp4	YouTubeBB	group2
ILSVRC2015_train_00371010.mp4	YouTubeBB	group3
ILSVRC2015_train_00565000.mp4	YouTubeBB	group4
ILSVRC2015_train_00465000.mp4	YouTubeBB	group5
ILSVRC2015_train_00418000.mp4	YouTubeBB	group1
ILSVRC2015_train_00418001.mp4	YouTubeBB	group2
ILSVRC2015_train_00518001.mp4	YouTubeBB	group3
ILSVRC2015_train_00404004.mp4	YouTubeBB	group4
ILSVRC2015_train_00479004.mp4	YouTubeBB	group5
ILSVRC2015_train_00373000.mp4	YouTubeBB	group1
ILSVRC2015_train_00441000.mp4	YouTubeBB	group2
ILSVRC2015_train_00479000.mp4	YouTubeBB	group3
ILSVRC2015_train_00404000.mp4	YouTubeBB	group4
ILSVRC2015_train_00355000.mp4	YouTubeBB	group5
ILSVRC2015_train_00324000.mp4	YouTubeBB	group1
ILSVRC2015_train_00575000.mp4	YouTubeBB	group2
ILSVRC2015_train_00697001.mp4	YouTubeBB	group3
ILSVRC2015_train_00408000.mp4	YouTubeBB	group4
ILSVRC2015_train_00768002.mp4	YouTubeBB	group5
ILSVRC2015_train_00001012.mp4	YouTubeBB	group1
ILSVRC2015_train_00416000.mp4	YouTubeBB	group2
ILSVRC2015_train_00516000.mp4	YouTubeBB	group3
ILSVRC2015_train_00247001.mp4	YouTubeBB	group4
ILSVRC2015_train_00418004.mp4	YouTubeBB	group5
ILSVRC2015_train_00689000.mp4	YouTubeBB	group1
ILSVRC2015_train_00324001.mp4	YouTubeBB	group2
ILSVRC2015_train_00551000.mp4	YouTubeBB	group3
ILSVRC2015_train_00451000.mp4	YouTubeBB	group4
ILSVRC2015_train_00479001.mp4	YouTubeBB	group5
ILSVRC2015_train_00292006.mp4	YouTubeBB	group1
ILSVRC2015_train_00532000.mp4	YouTubeBB	group2
ILSVRC2015_train_00569004.mp4	YouTubeBB	group3
ILSVRC2015_train_00682009.mp4	YouTubeBB	group4
ILSVRC2015_train_00363000.mp4	YouTubeBB	group5
ILSVRC2015_train_00569006.mp4	YouTubeBB	group1
ILSVRC2015_train_00479003.mp4	YouTubeBB	group2
ILSVRC2015_train_00404003.mp4	YouTubeBB	group3
ILSVRC2015_train_00001011.mp4	YouTubeBB	group4
ILSVRC2015_train_00594000.mp4	YouTubeBB	group5
ILSVRC2015_train_00723001.mp4	YouTubeBB	group1
ILSVRC2015_train_00594001.mp4	YouTubeBB	group2
ILSVRC2015_train_00418007.mp4	YouTubeBB	group3
ILSVRC2015_train_00768000.mp4	YouTubeBB	group4
ILSVRC2015_train_00715000.mp4	YouTubeBB	group5
ILSVRC2015_train_00324002.mp4	YouTubeBB	group1
ILSVRC2015_train_00479002.mp4	YouTubeBB	group2
ILSVRC2015_train_00292005.mp4	YouTubeBB	group3
ILSVRC2015_train_00707000.mp4	YouTubeBB	group4
ILSVRC2015_train_00569007.mp4	YouTubeBB	group5
ILSVRC2015_train_00652001.mp4	YouTubeBB	group1
ILSVRC2015_train_00017007.mp4	YouTubeBB	group2
ILSVRC2015_train_00379000.mp4	YouTubeBB	group3
ILSVRC2015_train_00536000.mp4	YouTubeBB	group4
ILSVRC2015_train_00447000.mp4	YouTubeBB	group5
ILSVRC2015_train_00693000.mp4	YouTubeBB	group1
ILSVRC2015_train_00559000.mp4	YouTubeBB	group2
ILSVRC2015_train_00471000.mp4	YouTubeBB	group3
ILSVRC2015_train_00524001.mp4	YouTubeBB	group4
ILSVRC2015_train_00547001.mp4	YouTubeBB	group5
ILSVRC2015_train_00415009.mp4	YouTubeBB	group1
ILSVRC2015_train_00563000.mp4	YouTubeBB	group2
ILSVRC2015_train_00463000.mp4	YouTubeBB	group3
ILSVRC2015_train_00369004.mp4	YouTubeBB	group4
ILSVRC2015_train_00303008.mp4	YouTubeBB	group5
ILSVRC2015_train_00351000.mp4	YouTubeBB	group1
ILSVRC2015_train_00185002.mp4	YouTubeBB	group2
ILSVRC2015_train_00394000.mp4	YouTubeBB	group3
ILSVRC2015_train_00611000.mp4	YouTubeBB	group4
ILSVRC2015_train_00066005.mp4	YouTubeBB	group5
ILSVRC2015_train_00074011.mp4	YouTubeBB	group1
ILSVRC2015_train_00756000.mp4	YouTubeBB	group2
ILSVRC2015_train_00555002.mp4	YouTubeBB	group3
ILSVRC2015_train_00613000.mp4	YouTubeBB	group4
ILSVRC2015_train_00396000.mp4	YouTubeBB	group5
ILSVRC2015_train_00601000.mp4	YouTubeBB	group1
ILSVRC2015_train_00524006.mp4	YouTubeBB	group2
ILSVRC2015_train_00762000.mp4	YouTubeBB	group3
ILSVRC2015_train_00384000.mp4	YouTubeBB	group4
ILSVRC2015_train_00654000.mp4	YouTubeBB	group5
ILSVRC2015_train_00087003.mp4	YouTubeBB	group1
ILSVRC2015_train_00725000.mp4	YouTubeBB	group2
ILSVRC2015_train_00369002.mp4	YouTubeBB	group3
ILSVRC2015_train_00473001.mp4	YouTubeBB	group4
ILSVRC2015_train_00042003.mp4	YouTubeBB	group5
ILSVRC2015_train_00251004.mp4	YouTubeBB	group1
ILSVRC2015_test_00001002.mp4	YouTubeBB	group2
ILSVRC2015_train_00369000.mp4	YouTubeBB	group3
ILSVRC2015_train_00538000.mp4	YouTubeBB	group4
ILSVRC2015_train_00545000.mp4	YouTubeBB	group5
ILSVRC2015_train_00434000.mp4	YouTubeBB	group1
ILSVRC2015_train_00549000.mp4	YouTubeBB	group2
ILSVRC2015_train_00318000.mp4	YouTubeBB	group3
ILSVRC2015_train_00457000.mp4	YouTubeBB	group4
ILSVRC2015_train_00549001.mp4	YouTubeBB	group5
ILSVRC2015_train_00538001.mp4	YouTubeBB	group1
ILSVRC2015_train_00251005.mp4	YouTubeBB	group2
ILSVRC2015_train_00042002.mp4	YouTubeBB	group3
ILSVRC2015_train_00473000.mp4	YouTubeBB	group4
ILSVRC2015_train_00322000.mp4	YouTubeBB	group5
yt-1iB2ofPY1U8_16.mp4	mowing	group4
yt-hOtj2y9VWrc_354.mp4	mowing	group5
yt-ZdXwVfF6T-s_25.mp4	mowing	group1
yt-7SsfOM7v3ns_56.mp4	mowing	group2
yt-MSdNCUWOp4o_4.mp4	saluting	group5
yt-1V0KJEc4cJ4_203.mp4	saluting	group1
bing-www_msn_com_en-us_video_news_tommy-lasorda-salutes-national-league-champs_vp-AAtLThQ_4.mp4	saluting	group2
yt-BAQ3Xhm_PPE_23.mp4	saluting	group3
yt-F3hhts3bwWg_25.mp4	launching	group2
yt--WPE_4bqQXc_26.mp4	launching	group3
yt-QytEkcDtaQA_9.mp4	launching	group4
yt-EZCX42e_bkc_78.mp4	launching	group5
yt-T1mMDOVjvrE_83.mp4	spraying	group5
yt-78k6vUHDWAI_206.mp4	spraying	group1
yt-fGN7sGPy8BA_13.mp4	spraying	group2
yt-jy7rAnpu0u8_128.mp4	spraying	group3
yt-xrPrnzvWUkY_7.mp4	pressing	group3
yt-Y32yFYRmNVU_22.mp4	pressing	group4
wc-NVeGRb_y_y_5_36.mp4	pressing	group5
wc-auTIuWLTxxkn_5.mp4	pressing	group1
yt-8vm83GUgYxI_1.mp4	drainning	group2
yt-0lfSyC79n14_7.mp4	drainning	group3
yt-RWN5qOIgqec_25.mp4	drainning	group4
yt-gDZnJCR2uXI_18.mp4	drainning	group5
yt-MhW2fU45JK8_544.mp4	drainning	group1
yt-UPgF4YAHBQY_33.mp4	drainning	group2
yt-BJsMGxfjrZk_59.mp4	drainning	group3
flickr-51283549@N02-23064904264_16.mp4	walking	group5
flickr-reginahart-31964450591_23.mp4	walking	group1
yt--7-rH4IBKLE_19.mp4	walking	group2
yt-q9-_bG9ry3E_5.mp4	walking	group3
wc-jujp1kJRHrkJ_54.mp4	working	group1
yt-HRuCkU_kBoE_239.mp4	working	group2
gHYomsO1dSU_5.mp4	working	group3
wc-7ugQ0V4lxYkJ_131.mp4	working	group4
yt-yPl8LcgSMjo_32.mp4	picking	group2
yt-MXCxHM_Ms8A_15.mp4	picking	group3
yt-PREz5XiiXg0_107.mp4	picking	group4
yt-28ODBE9bVh0_44.mp4	picking	group5
yt-7K5X1G7Cpls_965.mp4	knitting	group2
yt-gmFYJR5ABNs_305.mp4	knitting	group3
yt-sa-EMUqvd5w_245.mp4	knitting	group4
yt-3V8US8ZD3NU_229.mp4	knitting	group5
yt-kYMffy4hTMo_107.mp4	knitting	group1
yt-fEIplXEqgCc_14.mp4	riding	group3
yt-w3c67AYl0rM_170.mp4	riding	group4
yt-mHLTJkMrkZI_143.mp4	riding	group5
yt-MXLxcvKZDHw_22.mp4	riding	group1
yt-DpLc4e4bpu0_1467.mp4	riding	group2
yt-3eQHOLBzOqA_100.mp4	riding	group3
yt-qBPDvSQD0XY_5.mp4	riding	group4
yt-FR_Y1Mm8BwQ_53.mp4	kicking	group5
yt-sBdvBO-TPNM_8.mp4	kicking	group1
yt-nEGmBw5Bn58_18.mp4	kicking	group2
yt-DWsFRl5bXs8_23.mp4	kicking	group3
yt-YxVIDs9oN50_3.mp4	kicking	group4
yt-Xkx53mjgj2E_30.mp4	kicking	group5
yt-FH07OivQGOM_30.mp4	queuing	group3
yt-sXy_bKQE-8U_7.mp4	queuing	group4
yt-mj82m2mHYG4_6.mp4	queuing	group5
yt-ZPRkoZyAmfg_35.mp4	queuing	group1
yt-Wf-RauSbVgA_56.mp4	shredding	group2
yt-RqWnxg1wT-0_41.mp4	shredding	group3
yt-omUwZYZrWy0_375.mp4	shredding	group4
yt-7VVzNnp36DM_78.mp4	shredding	group5
yt-cJ7-H1Dckpk_33.mp4	shredding	group1
yt-N1ZrWT4xyzc_85.mp4	shredding	group2
yt-ebylvieB_4g_16.mp4	shredding	group3
yt-7VVzNnp36DM_62.mp4	tearing	group1
yt-2cwARrUMj40_67.mp4	tearing	group2
yt-mQRzWCcKOR8_28.mp4	tearing	group3
yt-fqbi4rGc9dk_65.mp4	tearing	group4
yt-HPjLtkyzN3E_101.mp4	towing	group4
yt-rqYMMAU_GJs_91.mp4	towing	group5
yt-KC6I552mXwM_6.mp4	towing	group1
yt-WTxvvlP8xnw_113.mp4	towing	group2
yt-65cexqxy5lU_35.mp4	waking	group4
yt-M8wvzt_BMXM_173.mp4	waking	group5
yt-YWfInCviN1s_126.mp4	waking	group1
yt-Gam0NeyyG8w_22.mp4	waking	group2
wc-b4Oquu3WQPRz_45.mp4	pointing	group2
wc-PsidKmkEV7Km_14.mp4	pointing	group3
wc-AJxbR6daLxMM_5.mp4	pointing	group4
wc-hmW1OnCPF_xn_37.mp4	pointing	group5
wc-16LozRfhUGea_49.mp4	pointing	group1
yt-wb0vMCXWj84_229.mp4	digging	group4
yt-Snha8C5YOiY_70.mp4	digging	group5
yt-r7brAHgxZSU_248.mp4	digging	group1
yt-zydTlQGCUjQ_277.mp4	digging	group2
yt-Snha8C5YOiY_26.mp4	digging	group3
yt-1UFhynm5g6Y_266.mp4	digging	group4
yt-PRqnM7xDsus_24.mp4	digging	group5
yt-1VTxnf2hZ0w_675.mp4	digging	group1
yt-EuyfT0PuOoQ_91.mp4	brushing	group2
yt-2wb0b0pdSxU_59.mp4	brushing	group3
wc-DcFDe419cL3d_17.mp4	starting	group4
wc-sd8_iKx0t7s7_9.mp4	starting	group5
wc-yoyQRWvHhC_x_3.mp4	starting	group1
wc-ikynRrpJVaWp_12.mp4	starting	group2
yt-gmiyqQDGN78_7.mp4	socializing	group2
8osH5dThnZY_116.mp4	socializing	group3
yt-xNKgc8sFYvU_35.mp4	socializing	group4
ahJft-G235A_122.mp4	socializing	group5
yt-ZynGxEtFNdk_243.mp4	socializing	group1
yt-KQq7vTlXUiQ_173.mp4	dunking	group5
yt-RnVxAv3aIoc_20.mp4	dunking	group1
yt-kiEFK7bDssE_14.mp4	dunking	group2
yt-6MAIu_hWEz0_56.mp4	dunking	group3
yt-kASuBtMK7-o_79.mp4	dunking	group4
yt-z8fEOmzDlD4_21.mp4	dunking	group5
yt-cu4AVz6o2eg_24.mp4	dunking	group1
bing-www_dailymotion_com_video_x64c56w_164.mp4	dunking	group2
yt-zLZ4NEUf9tM_19.mp4	dunking	group3
bing-www_dailymotion_com_video_x64hzm7_8.mp4	dunking	group4
flickr-132148318@N02-26685719802_3.mp4	dunking	group5
yt-mH-yEUYOzYY_7.mp4	dunking	group1
yt-Wr5vs_0Iypw_161.mp4	typing	group4
yt-PaxmJhMoP3w_87.mp4	typing	group5
yt-3E02UEHdoZ4_752.mp4	typing	group1
yt-SC9QYt7AKTU_7.mp4	typing	group2
yt-4GDusA21cEA_170.mp4	typing	group3
yt-be7r-ha8BpA_1045.mp4	typing	group4
wc-TAGpcap1KdAS_212.mp4	smiling	group4
yt-mL7eEdD-PNY_33.mp4	smiling	group5
ddXFaMgWqAg_196.mp4	smiling	group1
AWfiZJsMWQg_99.mp4	smiling	group2
yt-_6j2NXrB-zE_28.mp4	dripping	group3
yt-Q5Mfl5NdT7g_3.mp4	dripping	group4
4_D1iUb87uE_15.mp4	dripping	group5
yt-K-iCphzt_RE_17.mp4	dripping	group1
yt-foGMTdxewBI_43.mp4	dripping	group2
flickr-lamujuri-10653517683_4.mp4	stomping	group1
yt-mOQJwaPQbMg_5.mp4	stomping	group2
yt-JtR6WZXT2kU_8.mp4	stomping	group3
yt-v9WGfC67DPk_50.mp4	stomping	group4
yt-aiDGx4AN8J0_9.mp4	scratching	group1
yt-mWlx1SIXl5M_850.mp4	scratching	group2
yt-wIZprsJwxBM_298.mp4	scratching	group3
yt-uSHBdUi8_V0_24.mp4	scratching	group4
yt-wUqpCtBOFBA_89.mp4	scratching	group5
yt-jsG6vM9Lkoc_318.mp4	scratching	group1
yt-yB7mPODPTVw_74.mp4	scratching	group2
yt-M5qZo3CUXYE_27.mp4	scratching	group3
yt-EOspahHAnV4_85.mp4	scratching	group4
yt-m8HxO_-RRq0_127.mp4	scratching	group5
8J_zE6r82MY_71.mp4	scratching	group1
yt-XA6RBioito4_18.mp4	howling	group3
yt-1_xoCNmTn3Y_1.mp4	howling	group4
yt-wLylWnZs3z0_27.mp4	howling	group5
yt-MyL1VlXiZa4_25.mp4	howling	group1
yt-9pUeQix6EW8_7.mp4	twisting	group4
wc-AyT9mzwZsu0T_14.mp4	twisting	group5
wc-PX_MIe5L43_3_16.mp4	twisting	group1
wc-PqINyFk_ku4u_18.mp4	twisting	group2
yt-6_SgWsPne7M_11.mp4	vacuuming	group1
yt-Wmh9ezFQwPg_3.mp4	vacuuming	group2
yt-7tLvK2IEwRM_4.mp4	vacuuming	group3
yt-etQaTgGOhR4_69.mp4	vacuuming	group4
yt--xKSTYy9mcA_54.mp4	vacuuming	group5
yt-5Mnpi51EFok_77.mp4	overflowing	group5
yt-MNo__ov96eI_22.mp4	overflowing	group1
yt-t9sowxGR_s4_1.mp4	overflowing	group2
yt-D6fhzH21T_E_26.mp4	overflowing	group3
yt-ebajhZwlVJM_32.mp4	submerging	group1
yt-2y6A9DJPsDU_65.mp4	submerging	group2
yt-ZCHoBFItaxw_9.mp4	submerging	group3
yt-0buqUbXVTn8_48.mp4	submerging	group4
yt-4wYTkhggZNM_90.mp4	submerging	group5
yt-T4GFfVaHxFY_16.mp4	submerging	group1
yt-H611SOb1T78_189.mp4	submerging	group2
flickr-evananderica-2662125519_8.mp4	submerging	group3
yt-nlfwzxlwRfk_12.mp4	shoveling	group1
yt-Sz5GUMVi46A_1.mp4	shoveling	group2
yt-z16pdVTZK1o_3.mp4	shoveling	group3
yt-B8Sy53C6Pxw_8.mp4	shoveling	group4
yt-26obL-Z5obg_131.mp4	sailing	group5
yt-qsyDLtXcyHc_8.mp4	sailing	group1
yt-8y7Xhp2_2e0_168.mp4	sailing	group2
yt-Z8kKaMQMTdM_173.mp4	sailing	group3
yt-Dwgpjoikt84_122.mp4	welding	group4
yt-BQixB0mumIk_169.mp4	welding	group5
yt-osdlC1buTaM_4.mp4	welding	group1
yt-Dwgpjoikt84_71.mp4	welding	group2
yt-WGxmmrlfdgI_10.mp4	welding	group3
yt-F3B1i_Yt8_o_20.mp4	flowing	group3
yt-wEbfIR14zZ8_7.mp4	flowing	group4
yt-44ip3uFe4YM_30.mp4	flowing	group5
yt-wrfAMDCg93Y_8.mp4	flowing	group1
yt-HwEfWfFJhRo_126.mp4	flowing	group2
yt-d8svprEgK4s_14.mp4	chasing	group3
yt-EcOYbXulEpI_139.mp4	assembling	group4
yt-s2PWkCdT-TM_258.mp4	assembling	group5
yt-zh2yLr-o_8A_953.mp4	assembling	group1
yt-dLTag3L1w94_566.mp4	assembling	group2
yt-NVYfkMFUxMk_466.mp4	assembling	group3
yt-CAeQzlUyq38_352.mp4	assembling	group4
yt-S6N5FyjSFZE_4.mp4	assembling	group5
yt-x7TqP8l4lCA_39.mp4	assembling	group1
yt-8fQ9LaF8U10_382.mp4	assembling	group2
yt-R6a0Jzo_u1Y_254.mp4	assembling	group3
yt-mdLT282PVbE_6.mp4	assembling	group4
yt-IyxCMODHSSE_29.mp4	assembling	group5
yt-v1PFy5uHQp0_14.mp4	assembling	group1
yt-P8vJa4YVcGU_488.mp4	assembling	group2
yt-e1RAhIW6WAs_535.mp4	assembling	group3
yt--v_iMUMMX6g_39.mp4	laughing	group1
yt-QiJyOUkuo38_6.mp4	laughing	group2
yt-FbCVXEJicis_5.mp4	laughing	group3
yt-4sSV4iIs8gQ_55.mp4	laughing	group4
yt-lkpfs_4qAGE_50.mp4	laughing	group5
yt-NJP0Hg8Wj5k_1.mp4	jumping	group4
yt-bl9EuWKeVmY_6.mp4	jumping	group5
yt--K_uevUt2V8_4.mp4	jumping	group1
b3TCugtX0h0_108.mp4	jumping	group2
yt-PvWkOmfZuSY_4.mp4	jumping	group3
yt-be6x_357tjE_41.mp4	lecturing	group1
yt-o_Hakzj8PRg_2864.mp4	lecturing	group2
yt-UmLeGNcqouI_718.mp4	lecturing	group3
yt-cgYmOmMzn98_103.mp4	lecturing	group4
yt-Id-f63kUHsE_20.mp4	lecturing	group5
yt-xvIZtEVkebk_462.mp4	lecturing	group1
yt-w_C-15eJeCQ_191.mp4	unloading	group5
yt-qHUewJuLW4o_19.mp4	unloading	group1
Nh81j72Utbs_5.mp4	unloading	group2
yt-SS7pSyb0_d0_32.mp4	unloading	group3
yt-2IN85w8ptmM_51.mp4	unloading	group4
yt-uE9XoCLZlFo_1.mp4	object	group4
yt-VrEuTDQxtD0_226.mp4	frying	group3
yt-HuU5L5dVpdY_112.mp4	frying	group4
yt-k-MRlbCOzZU_163.mp4	frying	group5
yt-K7viJXt9vX8_143.mp4	frying	group1
yt-icd9UxxxeW0_255.mp4	frying	group2
yt-FLMdajcbjcg_35.mp4	rinsing	group5
yt-aD-EAuBdpUo_163.mp4	rinsing	group1
yt-LsCCAQ8BRO8_7.mp4	rinsing	group2
yt-Fm97IY0Z2LU_110.mp4	rinsing	group3
yt-4qU-6TEW06E_38.mp4	rinsing	group4
yt-Fm97IY0Z2LU_79.mp4	rinsing	group5
yt-X6ivH9SqGu8_306.mp4	rinsing	group1
yt-HwZFMTZ7Xko_35.mp4	playing+music	group2
yt-VbKGc8N_29.mp4	playing+music	group3
yt-sde4IKBgBMw_21.mp4	playing+music	group4
yt-rafmq6Ydoc8_15.mp4	playing+music	group5
yt-hLNq_Qp9J70_36.mp4	emptying	group1
yt-Xs-YKSogfak_24.mp4	emptying	group2
yt-yJmHtBFyhH4_15.mp4	emptying	group3
yt-BW6jWEVbxxk_4.mp4	emptying	group4
yt-5DD4XtHSA9Q_171.mp4	emptying	group5
yt-VjTiMtjdjTw_103.mp4	teaching	group5
yt-Bx2kLEUuN0E_456.mp4	teaching	group1
yt-bTcbsBET7gc_270.mp4	teaching	group2
yt-fk-z6WCvjjA_3.mp4	teaching	group3
yt-Ryb0K9lGPrg_5.mp4	clapping	group2
yt-IxUQZ_1JuFs_35.mp4	clapping	group3
yt-IigHVUksnw8_7.mp4	clapping	group4
yt-8N5UuN5WQcY_72.mp4	clapping	group5
yt-kQpE9L-fsNE_55.mp4	clapping	group1
yt-5MyvZYFlc9g_125.mp4	clapping	group2
yt-yQrDeFlFmfM_138.mp4	clapping	group3
yt-0Zze3Ff12Ys_58.mp4	clapping	group4
yt-P2RwcXMKIbQ_1.mp4	clapping	group5
yt-5IEO9Gn5fZ4_59.mp4	clapping	group1
yt-JXmyvkbRYk4_5.mp4	clapping	group2
yt-LGwEki4ghNw_69.mp4	clapping	group3
yt-ycQy_fHCK-U_8.mp4	drinking	group3
yt-rPYBHkUEwwc_10.mp4	drinking	group4
yt-v8e_DlCsP4w_10.mp4	drinking	group5
yt-zlbtESb7Fcw_28.mp4	drinking	group1
yt-5rIpe3xc5rQ_18.mp4	drinking	group2
yt-w_e3sxIzepA_115.mp4	telephoning	group5
yt-3EZOeAbiMQE_10.mp4	telephoning	group1
yt-w_e3sxIzepA_27.mp4	telephoning	group2
yt-C0iWlRWU21o_5.mp4	telephoning	group3
yt-6xXEMHBQ08A_28.mp4	telephoning	group4
yt-VMUSo8E_Fj8_171.mp4	resting	group2
yt-9t5-3Qe_t9A_591.mp4	resting	group3
yt--DXkjCUzThU_413.mp4	resting	group4
yt-ILARvS15SDQ_741.mp4	resting	group5
yt-gMqeZkpA_1Q_61.mp4	combing	group2
yt-HwGg4-zeWi8_364.mp4	combing	group3
yt-KM_SJx8CMGc_10.mp4	combing	group4
yt-5fnd__rpWeE_396.mp4	combing	group5
yt-9T99N7Cvi_o_112.mp4	combing	group1
yt-2LCHVTVwJ5E_235.mp4	combing	group2
yt-7v3kHYBe7-E_8.mp4	combing	group3
yt-uX7qYKQm_pg_277.mp4	combing	group4
yt-f9iXELY0EJ0_344.mp4	combing	group5
yt-7Ya-rGPO8cM_159.mp4	combing	group1
yt-5zcm2aYFYHw_49.mp4	climbing	group1
yt-rB3YVZvA78w_20.mp4	climbing	group2
yt-rslgzryFIGk_71.mp4	climbing	group3
yt-o0Hbe7kcPps_70.mp4	climbing	group4
yt-GWO7FHN1Jb4_142.mp4	climbing	group5
yt-2U5u3lLJx5M_7.mp4	climbing	group1
yt-J1dw4AznwmQ_7.mp4	climbing	group2
yt-iKe-0YNR5Eo_164.mp4	climbing	group3
yt-xrWo3lnbshw_80.mp4	climbing	group4
yt-ic9iGSfe1iA_3.mp4	climbing	group5
yt-LGjuqDnv9s8_5.mp4	peeling	group3
yt-fIEGqReekCM_10.mp4	peeling	group4
yt-_68FWLGgPYE_25.mp4	peeling	group5
yt-Z1ozMh4szTk_13.mp4	peeling	group1
yt--cAfxH1WnPo_3.mp4	swimming	group1
yt-jeVeQBuzbEQ_120.mp4	swimming	group2
yt--I4Ggi6-QOE_23.mp4	swimming	group3
yt-xSGPe0KemD4_384.mp4	swimming	group4
yt-hvuC_2YXsTQ_159.mp4	erupting	group1
yt-cG2qDR5ka5w_119.mp4	erupting	group2
wc-DgBY_btLlgBC_19.mp4	erupting	group3
yt-he_RSdeVinA_68.mp4	erupting	group4
yt-hvuC_2YXsTQ_73.mp4	erupting	group5
yt-fymgyhmYnMI_76.mp4	chewing	group5
yt-8QCcmqaEMPI_16.mp4	chewing	group1
yt-AiXq1oDrEXI_123.mp4	chewing	group2
yt-HMAa2QbfFPI_216.mp4	chewing	group3
yt-SRozDkhwx28_1463.mp4	chewing	group4
yt-SRcIvTQcmOk_62.mp4	chewing	group5
yt-rIQoRErqnlI_17.mp4	chewing	group1
yt-aiwDdJm1ek8_90.mp4	chewing	group2
yt-Ozx_f0a0ZDI_32.mp4	chewing	group3
yt-fymgyhmYnMI_557.mp4	chewing	group4
yt-sPhtPyQM00c_106.mp4	chewing	group5
yt-nE8YJOhW4e4_171.mp4	chewing	group1
yt-146gReE6xKw_379.mp4	chewing	group2
yt-XYULt48onn4_6.mp4	chewing	group3
yt-6aqg1P9YqR8_38.mp4	chewing	group4
yt-JQOHHL30Y54_101.mp4	chewing	group5
yt-F2x6e7e7cAE_70.mp4	chewing	group1
yt-GWlwb2QsxIA_48.mp4	chewing	group2
yt-QQPv17nfR_E_2.mp4	squatting	group3
yt-SgiTZNjCPCo_19.mp4	squatting	group4
SAiA2MWgCWE_5.mp4	squatting	group5
yt-FsXOl6JjzSY_15.mp4	squatting	group1
yt-93qaq7zWjyo_246.mp4	snowing	group1
yt-oT4Bq8zYN4E_42.mp4	snowing	group2
yt-V4Oosy-ZtGY_193.mp4	snowing	group3
yt-1sn8u-rQRas_7.mp4	snowing	group4
BsNCrwV7d8Q_9.mp4	floating	group3
yt-N4tt7ZhANDg_21.mp4	floating	group4
3y6RUJrI0j8_35.mp4	floating	group5
2RTDFkjD6vI_93.mp4	floating	group1
yt-bZfmqTZ-d2k_112.mp4	floating	group2
10zlWVJ5aRw_5.mp4	floating	group3
yt-bWXohhodbjg_86.mp4	planting	group4
yt-lfDIg8kaXhA_169.mp4	planting	group5
yt-WRBmpC-RxIc_678.mp4	planting	group1
yt-rZA9zXR-A6s_426.mp4	planting	group2
yt-GBqXIFjZf8w_28.mp4	wrapping	group4
yt-T9Vwt7wFvPk_100.mp4	wrapping	group5
yt-H45g6700wbc_159.mp4	wrapping	group1
yt--wYgjXsc1XQ_106.mp4	wrapping	group2
yt-H3EadcgKySM_58.mp4	wrapping	group3
yt-x6tYi0lRGqU_114.mp4	wrapping	group4
yt-fQgLKiz2tuM_14.mp4	drumming	group2
yt-AHbFln6blfE_36.mp4	drumming	group3
yt-cAFx29wS_xo_130.mp4	drumming	group4
yt-iAQ98zgVlds_97.mp4	drumming	group5
yt-BKkZUSowoxg_59.mp4	drumming	group1
yt-ycfVJyrFgB4_15.mp4	drumming	group2
yt-WCT9dyz0-gQ_36.mp4	drumming	group3
yt-sTBOjPxix5c_1072.mp4	gardening	group5
ga8dBJH_qK8_765.mp4	gardening	group1
yt-ObT9gF8E_tU_250.mp4	gardening	group2
yt-s5YONFy3vb4_46.mp4	gardening	group3
yt-2XRGfGc0q44_37.mp4	gardening	group4
yt-HwEfWfFJhRo_73.mp4	watering	group2
yt-VyVvEvP6MRM_124.mp4	watering	group3
yt-lgRDsLvpqNY_11.mp4	watering	group4
yt-oASqBTM-5fw_73.mp4	watering	group5
wc-6or3Gl2Fif0m_13.mp4	watering	group1
yt-7bSTxOajpjc_58.mp4	sitting	group5
yt-Ol4xuEA8xQc_776.mp4	sitting	group1
wc-__wCAtivIDG3_93.mp4	sitting	group2
yt-IOA_DhIDXi8_5.mp4	sitting	group3
yt--jzScB82vKI_90.mp4	sewing	group4
yt-fnE8kgUHUMI_64.mp4	sewing	group5
yt--jzScB82vKI_212.mp4	sewing	group1
yt-mRvsz7x-q9g_90.mp4	sewing	group2
X-D3lUv-atE_376.mp4	sewing	group3
yt-GI8BEHw2Lq8_3.mp4	diving	group3
yt-auGMEMsCRJI_470.mp4	diving	group4
yt-ujTY1igjc3E_2.mp4	diving	group5
yt-fjOsq03OC2c_188.mp4	diving	group1
yt-VdS-PZIDSlM_149.mp4	diving	group2
yt-xnEuj-JKmqQ_134.mp4	diving	group3
yt-T_qmGKyeKNU_32.mp4	diving	group4
yt-9yxWUrtQJnw_11.mp4	diving	group5
zr0tzAC2XHk_334.mp4	screwing	group4
yt-zr0tzAC2XHk_417.mp4	screwing	group5
yt-2pRKCSgdXXU_30.mp4	screwing	group1
yt-alGXD2Drh_g_19.mp4	screwing	group2
yt-c5KPuyzO-50_4.mp4	squinting	group1
yt-We5fHu4czbc_12.mp4	squinting	group2
yt-Z_irN6cNiD4_148.mp4	squinting	group3
yt-PP93D7b7Ni4_10.mp4	squinting	group4
yt-Tn563IPZfg4_55.mp4	stirring	group2
yt-eVAlSjH8E8k_127.mp4	stirring	group3
yt-9CUR6mjzaiY_85.mp4	stirring	group4
yt-0aHV3uU8xFY_75.mp4	stirring	group5
yt-Ud9uqaeHtY4_302.mp4	stirring	group1
yt-l_pvPAznG1A_20.mp4	stirring	group2
yt-XPRNMelf5Fs_235.mp4	stirring	group3
yt-gaXgXGEanCk_140.mp4	stirring	group4
yt-7Fyu2vr7zbA_31.mp4	smelling	group2
yt-y2RUPYKfBZs_12.mp4	smelling	group3
yt-qycUhA3Isjg_76.mp4	smelling	group4
yt-Hs5HF3mTQ7A_9.mp4	smelling	group5
yt-Faxdis4m3Fw_9.mp4	dining	group1
yt-FDMROdv8N0A_118.mp4	dining	group2
yt-E2Klz_wBAf8_285.mp4	dining	group3
yt-PQYnj2BR17I_16.mp4	dining	group4
yt-bH4nJibL4Jo_164.mp4	filling	group4
yt-ZzC953ahaxs_195.mp4	filling	group5
yt_R-JarqKC4X8nM_4.mp4	filling	group1
yt-EvKV7iY1_HM_193.mp4	filling	group2
yt-gC3my54_ChQ_58.mp4	filling	group3
ux8Mvi8P16k_168.mp4	interviewing	group1
yt-TFzaqepOKQ4_13.mp4	interviewing	group2
yt-n_eO-7KedAE_21.mp4	interviewing	group3
yt-b7bIulV49DQ_81.mp4	interviewing	group4
c5iVM3LI6kI_252.mp4	interviewing	group5
yt-ZmoUDsP2y40_8.mp4	lifting	group1
yt-Zn0YwrsCFOQ_44.mp4	lifting	group2
yt-ZTAaH5XbtfE_3.mp4	lifting	group3
yt-6KJ_yZR-Jco_14.mp4	lifting	group4
yt-O4wUEZwHLyI_114.mp4	lifting	group5
yt-xCh0LI9VKeI_28.mp4	jogging	group3
yt-MIDWkOZcQUs_72.mp4	jogging	group4
yt-QOPuhPO1hkk_27.mp4	jogging	group5
yt-th8otDDjMR8_3.mp4	jogging	group1
yt-AjyR9--Mx3A_44.mp4	jogging	group2
yt-CNq5mTA8oXY_176.mp4	cheering	group5
yt-d4ZLWk1Z19w_35.mp4	cheering	group1
yt-1Xbcf0BPT-g_57.mp4	cheering	group2
yt-H-2Vvouw9VI_85.mp4	cheering	group3
yt-16eN45838LU_255.mp4	cheering	group4
yt-4-u4Fw_J_q8_45.mp4	cheering	group5
yt-J8E_BpSJMpk_5.mp4	cheering	group1
yt-zKnjBBYWe90_369.mp4	cheering	group2
yt-oPq1uvbw-lQ_62.mp4	cheering	group3
yt-9Z9-RT-ysEE_85.mp4	cheering	group4
yt-i4kSCZ8rNC0_11.mp4	cheering	group5
yt-GjFQxAklviE_25.mp4	cheering	group1
yt-kP7VNn9QIo4_53.mp4	playing+sports	group2
1y-EvnfGO9Y_70.mp4	playing+sports	group3
yt-Xs7TCzdnUJQ_79.mp4	playing+sports	group4
yt-cM5PvgE7aJs_243.mp4	playing+sports	group5
yt-hWXr5bv2_uA_48.mp4	bulldozing	group2
yt-J2PiBa1MXI0_210.mp4	hanging	group2
yt-qE70lj3-A78_228.mp4	hanging	group3
yt-EBuE7GbFw7U_180.mp4	hanging	group4
yt-158C6xUMi5Y_75.mp4	hanging	group5
yt-utYnOeoj2Rw_3.mp4	hanging	group1
yt-Ilr77XzakaY_95.mp4	stretching	group4
yt-fryIS5Itzig_124.mp4	stretching	group5
yt-_zDYi2P-QxY_128.mp4	stretching	group1
yt-R0gFQo85cAE_5.mp4	stretching	group2
yt-lCb_efvJcdE_5.mp4	stretching	group3
Pz_NXxhQCJc_70.mp4	stretching	group4
yt-hMyqUMAbFAk_303.mp4	stretching	group5
yt-XBAU3cq0rZs_150.mp4	stretching	group1
yt-AOP7QYQntPI_28.mp4	sprinkling	group3
yt-9PTQ4U4oPUU_243.mp4	sprinkling	group4
yt-YOLaQ53ooks_195.mp4	sprinkling	group5
yt-n12iRXTksXA_65.mp4	sprinkling	group1
yt-5AI_SyK5sg8_112.mp4	sprinkling	group2
yt-sGckFFOLO30_164.mp4	descending	group2
yt-IdhdCU1HQ30_50.mp4	descending	group3
yt-9aKqMX9IHPg_242.mp4	descending	group4
yt-XF0fyyFEgWo_280.mp4	descending	group5
G5lrDxJJzfI_2.mp4	descending	group1
yt-CEQnXB0LxQU_278.mp4	descending	group2
SPNvf6JCjGw_123.mp4	descending	group3
yt-1RVw8p6Dw2Q_20.mp4	descending	group4
yt_R-lST38EdfMMQ_5.mp4	descending	group5
w-Nhc-DgaYI_1.mp4	descending	group1
yt-hRAqAwRhmwE_58.mp4	descending	group2
yt-T7RmOAme5dU_213.mp4	descending	group3
yt-mWL9DHq4eRI_501.mp4	descending	group4
yt-ThT8utBaywI_68.mp4	removing	group4
yt-bhiGMKSAz2g_370.mp4	removing	group5
yt-A1XT1fT1c8w_24.mp4	removing	group1
yt-BG-G7m5wLZ4_94.mp4	removing	group2
yt-Ojy5TMPX8_Q_165.mp4	removing	group3
yt-lGQ3wMI5-Yg_140.mp4	removing	group4
yt-Dj42sI_Z-kQ_38.mp4	removing	group5
yt-wVMhACNFF-M_154.mp4	removing	group1
yt-7i9RoM8w7jM_4.mp4	mopping	group5
yt-fQGoTMausn8_88.mp4	mopping	group1
yt-CR86bVrRwfo_13.mp4	mopping	group2
yt-VabNGLL9gVc_52.mp4	mopping	group3
yt-lazG9z4VQAw_99.mp4	cleaning	group1
yt-STL3ejY9u_Q_73.mp4	cleaning	group2
yt-mJzkLd3Mr_c_35.mp4	cleaning	group3
yt-WhQMF3WM0Ig_29.mp4	cleaning	group4
yt-D9iwtEHx8M0_20.mp4	cleaning	group5
yt-Uv0dt_-fWJU_40.mp4	cleaning	group1
yt-w5lh_rKyKtE_21.mp4	cleaning	group2
yt-T2CzKcU8pHo_17.mp4	cleaning	group3
yt-kA0ybjmoiMc_284.mp4	cleaning	group4
yt-c5IgOXX8YZ0_24.mp4	cleaning	group5
-IkGMlLHrOI_108.mp4	steering	group2
JApTAOdfunE_1251.mp4	steering	group3
yt-YEiNSML5iiQ_18.mp4	steering	group4
yt-XpM1Jtwlvvk_42.mp4	steering	group5
yt-etF_WUW5D68_3.mp4	snapping	group1
yt-lEPoNlKWibA_1.mp4	snapping	group2
yt-CJeyOFsd3lg_80.mp4	snapping	group3
yt-V4ptcLegCiw_161.mp4	snapping	group4
yt-bD1U6bo-6bE_465.mp4	snapping	group5
yt-JiOoUOoytos_39.mp4	snapping	group1
yt-h8wy6x6oytA_25.mp4	pulling	group4
yt-PCSXJ5YB_AE_3.mp4	pulling	group5
yt-tMP5WhHMtWE_55.mp4	pulling	group1
yt--DS6U40wbF0_70.mp4	pulling	group2
wc-WgOBK5IL7vex_4.mp4	pulling	group3
yt-JWedZ-zeqgQ_52.mp4	flipping	group1
yt-r4EyRdL-z7o_100.mp4	flipping	group2
yt-4x2eUikn9rw_212.mp4	flipping	group3
yt-JLXUWZPY-xA_88.mp4	flipping	group4
yt-49uKOBs2wLQ_45.mp4	flipping	group5
yt-Y3pi1bgUwIg_78.mp4	slicing	group3
yt-0YZTgLdw-CA_322.mp4	slicing	group4
yt-lADkWM79teI_18.mp4	slicing	group5
yt-8gCfc-o3pyk_85.mp4	slicing	group1
yt-J_FnFAl1uL0_143.mp4	speaking	group5
dwi2oPzQ1Wo_48.mp4	speaking	group1
yt-LB9LoYfH_EA_15.mp4	speaking	group2
9smWynsk6sI_158.mp4	speaking	group3
yt-JG2OY_7B-gI_537.mp4	boxing	group5
yt-6MwA-jx56AQ_612.mp4	boxing	group1
yt-Pinnv3-3GFU_452.mp4	boxing	group2
yt-y3tyx6cZjmA_412.mp4	boxing	group3
yt-Rybd-sKJFz0_78.mp4	boxing	group4
yt-jUGt_Byqczw_599.mp4	boxing	group5
xTlFOCRvy68_1564.mp4	boxing	group1
yt-H2ce6U0SbVA_542.mp4	boxing	group2
yt-qiPhBL4lBr0_44.mp4	boxing	group3
yt-mQESmS4uqRU_208.mp4	boxing	group4
yt-z68VLDDCFdw_93.mp4	boxing	group5
yt-IT741UWKVzg_34.mp4	boxing	group1
yt-eLQydFSMGCU_75.mp4	boxing	group2
yt-kKRGgUhVRzc_74.mp4	boxing	group3
3WAnGcPubBY_179.mp4	boxing	group4
yt-zRkzk1Y1eoU_50.mp4	boxing	group5
3WAnGcPubBY_143.mp4	boxing	group1
yt-VypeVQ7gJ_k_578.mp4	boxing	group2
yt-12WvjZ36dmU_4.mp4	tripping	group2
yt-7n_ndwObq_54.mp4	tripping	group3
yt-xqjVM0Vj4mI_161.mp4	tripping	group4
yt-patyDyMQU8M_4.mp4	tripping	group5
yt-cgwHIb9LAFc_336.mp4	human	group4
_9v_wUywaAA_35.mp4	human	group5
_6qAy77ODUI_175.mp4	human	group1
yt-H5LQq4MPIao_660.mp4	human	group2
yt-i1h9ZiYZ86U_28.mp4	human	group3
IrGYVLkWeQs_9.mp4	human	group4
yt--RhNquKdM0M_1183.mp4	skiing	group4
yt-xTxDfoAAFZc_6.mp4	skiing	group5
yt-14tjqjjjAEI_15.mp4	skiing	group1
yt-rlVzHENWufE_61.mp4	skiing	group2
yt-9qXwehMoX7o_50.mp4	skiing	group3
wc-lItGMdwvEd_l_7.mp4	eating	group1
wc-ZZxbTv7oc5DQ_10.mp4	eating	group2
yt-2i53vKte7SA_117.mp4	eating	group3
yt-cILZ_cB3_so_73.mp4	eating	group4
bing-www_cnn_com_2015_04_20_living_steak-eating-contest-molly-schuyler-feat_index_html_1.mp4	eating	group5
yt-2IxVZeiSv3g_28.mp4	eating	group1
yt-JxqSboqaUPY_5.mp4	swinging	group3
yt-stHEfjnm6Rw_6.mp4	swinging	group4
yt-Uih643A1YtA_110.mp4	swinging	group5
yt-ORE2V_VvOpg_67.mp4	swinging	group1
yt-CXn1PGH67_s_20.mp4	swinging	group2
yt-_Hnr82bYGEQ_103.mp4	swinging	group3
yt-hZxbKZ1WCVg_24.mp4	swinging	group4
yt_R-SwXr0ScjD9o_20.mp4	closing	group1
yt-8aJDzfAaArQ_75.mp4	closing	group2
yt_R-JaY8f33fOCw_25.mp4	closing	group3
yt-11S5tcT2Tm0_254.mp4	closing	group4
yt-AJypa57HKqM_28.mp4	closing	group5
yt-ZE8Af60eNsI_15.mp4	closing	group1
yt-jNfXfyipaMc_155.mp4	closing	group2
yt-V_2XgfjJfeQ_67.mp4	closing	group3
yt-31WwM4UgsVI_322.mp4	closing	group4
yt-Ev39pXXfr1Y_152.mp4	giggling	group4
yt-s0lPpn3TAEo_90.mp4	giggling	group5
yt-rlEPywo5BEQ_36.mp4	giggling	group1
yt-zhQ32_OayBQ_39.mp4	giggling	group2
yt-EFrazkRaYbs_21.mp4	giggling	group3
yt-4wjGeLyvfjY_223.mp4	hammering	group3
yt-WpLgDX6Yw_s_20.mp4	hammering	group4
yt-Kabm8kuBnFo_27.mp4	hammering	group5
yt-giRwl4yChlw_9.mp4	hammering	group1
yt-6vkiJedss6g_5.mp4	hammering	group2
yt-yk3vAySVlDw_30.mp4	hammering	group3
yt-xgqx7tH92-c_6.mp4	hammering	group4
yt-7e6Z9QQieAk_183.mp4	hammering	group5
yt-xnqqB-leeaQ_128.mp4	carrying	group2
yt-urJgH6tpfkU_204.mp4	carrying	group3
yt-xQilXyNKsBw_42.mp4	carrying	group4
yt-R-SETZtYWaA_336.mp4	carrying	group5
yt-waWM9vAfsIw_116.mp4	carrying	group1
yt-Ek1jcvett9E_33.mp4	carrying	group2
yt-gPhlnZG-pRY_4.mp4	carrying	group3
yt-wqdTPz0bLrM_561.mp4	carrying	group4
yt-gaCbT4RR9Tw_191.mp4	carrying	group5
yt-ZtS7ZrJ_rtk_525.mp4	grilling	group3
yt-YlA-FPDylDE_100.mp4	grilling	group4
yt-n_Nd9wu2Bv0_126.mp4	grilling	group5
yt--Ou506YF3mY_106.mp4	grilling	group1
bing-www_nytimes_com_video_dining_1247468118505_grilled-chicken-breasts-with-herb-butter_html_132.mp4	grilling	group2
cST9H3zu3zQ_126.mp4	wetting	group1
meta-11482036_235.mp4	wetting	group2
yt-vOC7cBvdSw8_11.mp4	wetting	group3
yt--4P7Xab3nPw_304.mp4	wetting	group4
yt-PMx2hhCk2d8_13.mp4	plunging	group3
yt-4W224-RSCnM_15.mp4	plunging	group4
yt-2V2tq9-O_Nc_1669.mp4	plunging	group5
yt-TlNzKjxCIK4_970.mp4	plunging	group1
yt-tOOaOzYvtKE_79.mp4	plunging	group2
yt-5doJmCcFL7s_3.mp4	plunging	group3
yt-9Ow95khYa_M_91.mp4	plunging	group4
yt-qurTr1BJMec_244.mp4	plunging	group5
yt-SGIqAi-zDpM_19.mp4	cutting	group3
yt-CRw9-cCQqbg_332.mp4	cutting	group4
yt-v66td-1WO7w_44.mp4	cutting	group5
yt-eczLsCTIyn0_553.mp4	cutting	group1
yt-tX5U0Lyo6Gs_376.mp4	cutting	group2
yt-n2sJadTbuxo_10.mp4	cutting	group3
yt-iuqdW5OLSzc_6.mp4	stroking	group3
yt-T2Izta7lYZg_111.mp4	stroking	group4
yt-FhnT_42bV7M_11.mp4	stroking	group5
yt-jbvXEFk2Gyw_12.mp4	stroking	group1
yt-ni4JaYu7PhU_6.mp4	stroking	group2
yt-RvdcgC9LFy8_16.mp4	stroking	group3
yt-2ICWjxvgVYU_4.mp4	stroking	group4
yt-9mWz93En7Gw_97.mp4	crawling	group1
yt-kawmL3oVw8c_2.mp4	crawling	group2
yt-BiBS8EO5GPc_4.mp4	crawling	group3
yt-yXJr3FR2xrM_27.mp4	crawling	group4
yt-s-J3C6e5A3Q_18.mp4	crawling	group5
yt-nQu-PAXBv2g_5.mp4	crawling	group1
yt-Lbv4qHp0RO0_14.mp4	crawling	group2
yt-U38nodRpSOA_54.mp4	crawling	group3
yt-EAMpitsjbbA_153.mp4	crawling	group4
yt-CGBD5bNhmZc_75.mp4	crawling	group5
yt-ihCTIoE7qsk_730.mp4	hiking	group3
yt-xQPKYWDRy2A_491.mp4	hiking	group4
yt-jQrMcUCmAaM_44.mp4	hiking	group5
yt-P001x88adE4_427.mp4	hiking	group1
yt-CNqOVuIyWjA_18.mp4	hiking	group2
yt-q9kT_c9QjbQ_34.mp4	sawing	group1
yt-lYhibsUW208_26.mp4	sawing	group2
yt-fAWPQRcrXl0_38.mp4	sawing	group3
yt-8wyJ7zyOo8g_9.mp4	sawing	group4
yt-fP2JRJAFGZ4_25.mp4	filming	group1
yt-5qJf4U6lgv0_77.mp4	filming	group2
yt-WFiEvQuOqqg_18.mp4	filming	group3
yt-QxNuo4ojvz4_420.mp4	filming	group4
yt-J-tkAYy40uY_84.mp4	filming	group5
bing-vimeo_com_218382006_69.mp4	poking	group5
yt-Ub5Xx5BqIOk_74.mp4	poking	group1
yt-Q9fI2ar05IE_77.mp4	poking	group2
flickr-claywakening-27928940166_2.mp4	poking	group3
xq822dX6DDM_1.mp4	poking	group4
yt-Co4dzHwupRM_18.mp4	poking	group5
fHdEaNT0gA0_35.mp4	writing	group5
ioSkDvwpEaU_35.mp4	writing	group1
-vPHq-7BJ70_15.mp4	writing	group2
CHWw361oMSQ_195.mp4	writing	group3
ILnEDG_aP1A_35.mp4	writing	group4
CmWAkLISGyE_265.mp4	writing	group5
tIpD52JAIV8_4.mp4	spilling	group2
yt-SjPYdaUBi7A_37.mp4	spilling	group3
yt-y6zr69M0yHI_76.mp4	spilling	group4
flickr-53807584@N00-5566422012_16.mp4	spilling	group5
yt-uS1wBwS3Emo_10.mp4	packing	group1
yt-b7JAHOeiTqU_44.mp4	packing	group2
yt-K0CzoUy_uIA_22.mp4	packing	group3
yt-oPeZEUtqKNM_27.mp4	packing	group4
yt-GVaF4tmJBZE_253.mp4	packing	group5
yt-i-1Gou9SA5U_3.mp4	operating	group1
yt-zPfYVjnzYEY_32.mp4	operating	group2
yt-YLcmfyfIokU_64.mp4	operating	group3
yt-11VGDAOVEag_8.mp4	operating	group4
Ds4EKTLx_RI_51.mp4	operating	group5
yt-_HuBzj8EPBc_62.mp4	repairing	group5
yt-x7NWmdlvVIQ_183.mp4	repairing	group1
yt-e9AZJKNv9ow_359.mp4	repairing	group2
yt-HsiWrFBbUuU_10.mp4	repairing	group3
yt-CZ2qiY-kS7Y_105.mp4	repairing	group4
yt-JpOBXV46TLE_124.mp4	repairing	group5
yt-Smw6fA3aTIk_52.mp4	repairing	group1
yt-k4B_NtWn41Y_169.mp4	repairing	group2
yt-58F4cMRhSw8_69.mp4	repairing	group3
yt-4slVHFGPwEs_744.mp4	repairing	group4
yt-JVhfcpV7OaY_71.mp4	repairing	group5
yt-XY1n_Oze1kQ_9.mp4	repairing	group1
yt-NuJbedGLcQY_112.mp4	repairing	group2
yt-FE5srhxadno_73.mp4	repairing	group3
yt-Ynol6-DKndM_497.mp4	repairing	group4
yt-N1EsjM9gD5Q_21.mp4	repairing	group5
yt-zSSnQYeO_DE_338.mp4	scrubbing	group3
yt-Nnt51ug6NF8_53.mp4	scrubbing	group4
yt-7lULOC_rSE0_747.mp4	scrubbing	group5
yt-YCjbGOPBQHw_131.mp4	scrubbing	group1
yt-xBwq6sHHF5M_21.mp4	scrubbing	group2
yt-25xuzTBhwPk_109.mp4	scrubbing	group3
yt-nCNZ87Tio1M_1.mp4	winking	group5
yt-UBqUhu-GEVg_6.mp4	winking	group1
yt-jy96-k8drRE_1.mp4	winking	group2
yt-54kx8P3L1ns_6.mp4	winking	group3
yt-Pc1ZlCvsPpc_5.mp4	winking	group4
